status,row,qid,direction,條件,應答,不應答,限制,source,reason,bracket,text
proposal,,A2,need,vA1 in 997 | vA1 in 998,vA2,,,"A2‧請問您今年大概幾歲?【A1答(997)或(998)者,才需回答此題】",,,
proposal,,A2,need_inverse,vA1~=997 & vA1~=998,,vA2,,"A2‧請問您今年大概幾歲?【A1答(997)或(998)者,才需回答此題】",,,
proposal,,A5,skip,vA4 in 1 | vA4 in 97 | vA4 in 98,,"vA5city,vA5town",,"A5‧那請問您的戶籍所在地是哪個縣市、哪個鄉鎮市區呢?(以身分證上的為主)【地區題】【A4答(01)、(97)、(98)者,不需回答此題】",,,
proposal,,A5,skip_inverse,vA4~=1 & vA4~=97 & vA4~=98,"vA5city,vA5town",,,"A5‧那請問您的戶籍所在地是哪個縣市、哪個鄉鎮市區呢?(以身分證上的為主)【地區題】【A4答(01)、(97)、(98)者,不需回答此題】",,,
proposal,,O2,need,vO1 in 1 | vO1 in 2 | vO1 in 3 | vO1 in 4 | vO1 in 5 | vO1 in 88,vO2,,,"O2‧請問您的行業:(卡4)【O1答(01)-(05)、(88)者,才需回答此題】",,,
proposal,,O2,need_inverse,vO1~=1 & vO1~=2 & vO1~=3 & vO1~=4 & vO1~=5 & vO1~=88,,vO2,,"O2‧請問您的行業:(卡4)【O1答(01)-(05)、(88)者,才需回答此題】",,,
proposal,,O3,need,vO1 in 1 | vO1 in 2 | vO1 in 3 | vO1 in 4 | vO1 in 5 | vO1 in 88,vO3,,,"O3‧請問您現在的工作屬於哪一類?(卡5)【O1答(01)-(05)、(88)者,才需回答此題】",,,
proposal,,O3,need_inverse,vO1~=1 & vO1~=2 & vO1~=3 & vO1~=4 & vO1~=5 & vO1~=88,,vO3,,"O3‧請問您現在的工作屬於哪一類?(卡5)【O1答(01)-(05)、(88)者,才需回答此題】",,,
proposal,,O4,need,(vO1 in 1 | vO1 in 2 | vO1 in 3 | vO1 in 4 | vO1 in 5 | vO1 in 88) & (vO3 in 1 | vO3 in 3 | vO3 in 4 | vO3 in 5 | vO3 in 6 | vO3 in 88),vO4,,,"O4 5000、9991、9997、9998】【O1答(01)-(05)、(88)者,且O3答(01)、(03)-(06)、(88),需回答此題】",,,
proposal,,O4,need_inverse,((vO1~=1 & vO1~=2 & vO1~=3 & vO1~=4 & vO1~=5 & vO1~=88) | (vO3~=1 & vO3~=3 & vO3~=4 & vO3~=5 & vO3~=6 & vO3~=88)) & vO3~=96,,vO4,,"O4 5000、9991、9997、9998】【O1答(01)-(05)、(88)者,且O3答(01)、(03)-(06)、(88),需回答此題】",,,
proposal,,D2,need,vD1 in 1 | vD1 in 2,vD2,,,"D2‧請問您每週平均有幾天會使用手機?【數值題,可輸入小數點,範圍為0.5、1、1.5、2、2.5、3、3.5、4、4.5、5、5.5、6、6.5、7、95、97、98】【D1答(01)、(02)者,需回答此題】",,,
proposal,,D2,need_inverse,vD1~=1 & vD1~=2,,vD2,,"D2‧請問您每週平均有幾天會使用手機?【數值題,可輸入小數點,範圍為0.5、1、1.5、2、2.5、3、3.5、4、4.5、5、5.5、6、6.5、7、95、97、98】【D1答(01)、(02)者,需回答此題】",,,
proposal,,D3,need,vD1 in 1 | vD1 in 2,vD3,,,"D3‧在您有使用手機的那一天,您一整天大概會使用多久?使用手機是指「講電話」或「眼睛有看著手機螢幕」,例如使用LINE、看影片或照片等都算。【數值題,範圍:0001-2359、9797、9898】【D1答(01)、(02)者,需回答此題】",,,
proposal,,D3,need_inverse,vD1~=1 & vD1~=2,,vD3,,"D3‧在您有使用手機的那一天,您一整天大概會使用多久?使用手機是指「講電話」或「眼睛有看著手機螢幕」,例如使用LINE、看影片或照片等都算。【數值題,範圍:0001-2359、9797、9898】【D1答(01)、(02)者,需回答此題】",,,
proposal,,D4,need,vD1 in 1 | vD1 in 2,"vD4sD4,vD4sD5,vD4sD6,vD4sD7,vD4sD8",,,"D4-D8.請問下面這些事情多常發生在您身上?(卡6)【D1答(01)、(02)者,需回答此題】",,,
proposal,,D4,need_inverse,vD1~=1 & vD1~=2,,"vD4sD4,vD4sD5,vD4sD6,vD4sD7,vD4sD8",,"D4-D8.請問下面這些事情多常發生在您身上?(卡6)【D1答(01)、(02)者,需回答此題】",,,
proposal,,E17,need,vK1m01 in 1 | vK2m13 in 1,vE17,,,"E17‧請問您平常主要是透過手機、平板或電腦使用LINE?【K1答(01)者,或K2答(13)者,才需回答此題】",,,
proposal,,E17,need_inverse,vK1m01~=1 & vK2m13~=1,,vE17,,"E17‧請問您平常主要是透過手機、平板或電腦使用LINE?【K1答(01)者,或K2答(13)者,才需回答此題】",,,
proposal,,KLI1,need,vK1m01 in 1 | vK2m13 in 1,vKLI1,,,"KLI1‧請問您每週平均有幾天使用LINE?【數值題,可輸入小數點,範圍為0.5、1、1.5、2、2.5、3、3.5、4、4.5、5、5.5、6、6.5、7、95、97、98】【K1答(01)者,或K2答(13)者,才需回答此題】",,,
proposal,,KLI1,need_inverse,vK1m01~=1 & vK2m13~=1,,vKLI1,,"KLI1‧請問您每週平均有幾天使用LINE?【數值題,可輸入小數點,範圍為0.5、1、1.5、2、2.5、3、3.5、4、4.5、5、5.5、6、6.5、7、95、97、98】【K1答(01)者,或K2答(13)者,才需回答此題】",,,
proposal,,KLI2,need,vK1m01 in 1 | vK2m13 in 1,vKLI2,,,"KLI2‧在您有使用LINE的那一天,您一整天大概會使用多久(要真的有在用LINE傳訊息、通話、看LINE Today的時間)?【數值題,範圍:0001-2359、9797、9898】【K1答(01)者,或K2答(13)者,才需回答此題】",,,
proposal,,KLI2,need_inverse,vK1m01~=1 & vK2m13~=1,,vKLI2,,"KLI2‧在您有使用LINE的那一天,您一整天大概會使用多久(要真的有在用LINE傳訊息、通話、看LINE Today的時間)?【數值題,範圍:0001-2359、9797、9898】【K1答(01)者,或K2答(13)者,才需回答此題】",,,
proposal,,KFB1,need,vK1m02 in 1 | vK2m01 in 1,vKFB1,,,"KFB1‧請問您每週平均有幾天使用臉書(Facebook),包含臉書聊天室(FB Messenger)也算?【數值題,可輸入小數點,範圍為0.5、1、1.5、2、2.5、3、3.5、4、4.5、5、5.5、6、6.5、7、95、97、98】【K1答(02)者,或K2答(01)者,才需回答此題】",,,
proposal,,KFB1,need_inverse,vK1m02~=1 & vK2m01~=1,,vKFB1,,"KFB1‧請問您每週平均有幾天使用臉書(Facebook),包含臉書聊天室(FB Messenger)也算?【數值題,可輸入小數點,範圍為0.5、1、1.5、2、2.5、3、3.5、4、4.5、5、5.5、6、6.5、7、95、97、98】【K1答(02)者,或K2答(01)者,才需回答此題】",,,
proposal,,KFB2,need,vK1m02 in 1 | vK2m01 in 1,vKFB2,,,"KFB2‧在您有使用臉書(Facebook),包含臉書聊天室(FB Messenger)的那一天,您一整天大概會使用多久(真的有在用的時間)?【數值題,範圍:0001-2359、9797、9898】【K1答(02)者,或K2答(01)者,才需回答此題】",,,
proposal,,KFB2,need_inverse,vK1m02~=1 & vK2m01~=1,,vKFB2,,"KFB2‧在您有使用臉書(Facebook),包含臉書聊天室(FB Messenger)的那一天,您一整天大概會使用多久(真的有在用的時間)?【數值題,範圍:0001-2359、9797、9898】【K1答(02)者,或K2答(01)者,才需回答此題】",,,
proposal,,KFB3,need,vK1m02 in 1 | vK2m01 in 1,"vKFB3m01,vKFB3m02,vKFB3m03,vKFB3m04,vKFB3m05,vKFB3m06,vKFB3m07,vKFB3m08,vKFB3m09,vKFB3m10,vKFB3m11,vKFB3m12,vKFB3m13,vKFB3m14,vKFB3m15,vKFB3m16,vKFB3m17,vKFB3m88",,,"KFB3‧請問您使用臉書(Facebook)主要的原因或動機是什麼呢?(可多選)(卡9)【K1答(02)者,或K2答(01)者,才需回答此題】",,,
proposal,,KFB3,need_inverse,vK1m02~=1 & vK2m01~=1,,"vKFB3m01,vKFB3m02,vKFB3m03,vKFB3m04,vKFB3m05,vKFB3m06,vKFB3m07,vKFB3m08,vKFB3m09,vKFB3m10,vKFB3m11,vKFB3m12,vKFB3m13,vKFB3m14,vKFB3m15,vKFB3m16,vKFB3m17,vKFB3m88",,"KFB3‧請問您使用臉書(Facebook)主要的原因或動機是什麼呢?(可多選)(卡9)【K1答(02)者,或K2答(01)者,才需回答此題】",,,
proposal,,KFB4,need,vK1m02 in 1 | vK2m01 in 1,"vKFB4m01,vKFB4m02,vKFB4m03,vKFB4m04,vKFB4m05,vKFB4m06,vKFB4m07,vKFB4m08,vKFB4m09,vKFB4m10,vKFB4m11,vKFB4m12,vKFB4m13,vKFB4m14,vKFB4m15,vKFB4m16,vKFB4m17,vKFB4m18,vKFB4m88",,,"KFB4‧請問您平常會在臉書(Facebook)上做哪些事情呢?(可多選)(卡10)【K1答(02)者,或K2答(01)者,才需回答此題】",,,
proposal,,KFB4,need_inverse,vK1m02~=1 & vK2m01~=1,,"vKFB4m01,vKFB4m02,vKFB4m03,vKFB4m04,vKFB4m05,vKFB4m06,vKFB4m07,vKFB4m08,vKFB4m09,vKFB4m10,vKFB4m11,vKFB4m12,vKFB4m13,vKFB4m14,vKFB4m15,vKFB4m16,vKFB4m17,vKFB4m18,vKFB4m88",,"KFB4‧請問您平常會在臉書(Facebook)上做哪些事情呢?(可多選)(卡10)【K1答(02)者,或K2答(01)者,才需回答此題】",,,
proposal,,KIG1,need,vK1m03 in 1 | vK2m02 in 1,vKIG1,,,"KIG1‧請問您每週平均有幾天使用Instagram(IG)?【數值題,可輸入小數點,範圍為0.5、1、1.5、2、2.5、3、3.5、4、4.5、5、5.5、6、6.5、7、95、97、98】【K1答(03)者,或K2答(02)者,才需回答此題】",,,
proposal,,KIG1,need_inverse,vK1m03~=1 & vK2m02~=1,,vKIG1,,"KIG1‧請問您每週平均有幾天使用Instagram(IG)?【數值題,可輸入小數點,範圍為0.5、1、1.5、2、2.5、3、3.5、4、4.5、5、5.5、6、6.5、7、95、97、98】【K1答(03)者,或K2答(02)者,才需回答此題】",,,
proposal,,KIG2,need,vK1m03 in 1 | vK2m02 in 1,vKIG2,,,"KIG2‧在您有使用Instagram(IG)的那一天,您一整天大概會使用多久(真的有在用Instagram(IG)的時間)?【數值題,範圍:0001-2359、9797、9898】【K1答(03)者,或K2答(02)者,才需回答此題】",,,
proposal,,KIG2,need_inverse,vK1m03~=1 & vK2m02~=1,,vKIG2,,"KIG2‧在您有使用Instagram(IG)的那一天,您一整天大概會使用多久(真的有在用Instagram(IG)的時間)?【數值題,範圍:0001-2359、9797、9898】【K1答(03)者,或K2答(02)者,才需回答此題】",,,
proposal,,KIG3,need,vK1m03 in 1 | vK2m02 in 1,"vKIG3m01,vKIG3m02,vKIG3m03,vKIG3m04,vKIG3m05,vKIG3m06,vKIG3m07,vKIG3m08,vKIG3m09,vKIG3m10,vKIG3m11,vKIG3m12,vKIG3m13,vKIG3m14,vKIG3m15,vKIG3m16,vKIG3m17,vKIG3m88",,,"KIG3‧請問您使用Instagram(IG)主要的原因或動機是什麼呢?(可多選)(卡11)【K1答(03)者,或K2答(02)者,才需回答此題】",,,
proposal,,KIG3,need_inverse,vK1m03~=1 & vK2m02~=1,,"vKIG3m01,vKIG3m02,vKIG3m03,vKIG3m04,vKIG3m05,vKIG3m06,vKIG3m07,vKIG3m08,vKIG3m09,vKIG3m10,vKIG3m11,vKIG3m12,vKIG3m13,vKIG3m14,vKIG3m15,vKIG3m16,vKIG3m17,vKIG3m88",,"KIG3‧請問您使用Instagram(IG)主要的原因或動機是什麼呢?(可多選)(卡11)【K1答(03)者,或K2答(02)者,才需回答此題】",,,
proposal,,KIG4,need,vK1m03 in 1 | vK2m02 in 1,"vKIG4m01,vKIG4m02,vKIG4m03,vKIG4m04,vKIG4m05,vKIG4m06,vKIG4m07,vKIG4m08,vKIG4m09,vKIG4m10,vKIG4m11,vKIG4m12,vKIG4m13,vKIG4m14,vKIG4m88",,,"KIG4‧請問您平常會在Instagram(IG)上做哪些事情呢?(可多選)(卡12)【K1答(03)者,或K2答(02)者,才需回答此題】",,,
proposal,,KIG4,need_inverse,vK1m03~=1 & vK2m02~=1,,"vKIG4m01,vKIG4m02,vKIG4m03,vKIG4m04,vKIG4m05,vKIG4m06,vKIG4m07,vKIG4m08,vKIG4m09,vKIG4m10,vKIG4m11,vKIG4m12,vKIG4m13,vKIG4m14,vKIG4m88",,"KIG4‧請問您平常會在Instagram(IG)上做哪些事情呢?(可多選)(卡12)【K1答(03)者,或K2答(02)者,才需回答此題】",,,
proposal,,KTT1,need,vK1m11 in 1 | vK2m07 in 1,vKTT1,,,"KTT1‧請問您每週平均有幾天使用抖音(TikTok)?【數值題,可輸入小數點,範圍為0.5、1、1.5、2、2.5、3、3.5、4、4.5、5、5.5、6、6.5、7、95、97、98】【K1答(11)者,或K2答(07)者,才需回答此題】",,,
proposal,,KTT1,need_inverse,vK1m11~=1 & vK2m07~=1,,vKTT1,,"KTT1‧請問您每週平均有幾天使用抖音(TikTok)?【數值題,可輸入小數點,範圍為0.5、1、1.5、2、2.5、3、3.5、4、4.5、5、5.5、6、6.5、7、95、97、98】【K1答(11)者,或K2答(07)者,才需回答此題】",,,
proposal,,KTT2,need,vK1m11 in 1 | vK2m07 in 1,vKTT2,,,"KTT2‧在您有使用抖音(TikTok)的那一天,您一整天大概會使用多久(真的有在用抖音(TikTok)的時間)?【數值題,範圍:0001-2359、9797、9898】【K1答(11)者,或K2答(07)者,才需回答此題】",,,
proposal,,KTT2,need_inverse,vK1m11~=1 & vK2m07~=1,,vKTT2,,"KTT2‧在您有使用抖音(TikTok)的那一天,您一整天大概會使用多久(真的有在用抖音(TikTok)的時間)?【數值題,範圍:0001-2359、9797、9898】【K1答(11)者,或K2答(07)者,才需回答此題】",,,
proposal,,KTT3,need,vK1m11 in 1 | vK2m07 in 1,"vKTT3m01,vKTT3m02,vKTT3m03,vKTT3m04,vKTT3m05,vKTT3m06,vKTT3m07,vKTT3m08,vKTT3m09,vKTT3m10,vKTT3m11,vKTT3m12,vKTT3m13,vKTT3m14,vKTT3m15,vKTT3m16,vKTT3m88",,,"KTT3‧請問您使用抖音(TikTok)主要的原因或動機是什麼呢?(可多選)(卡13)【K1答(11)者,或K2答(07)者,才需回答此題】",,,
proposal,,KTT3,need_inverse,vK1m11~=1 & vK2m07~=1,,"vKTT3m01,vKTT3m02,vKTT3m03,vKTT3m04,vKTT3m05,vKTT3m06,vKTT3m07,vKTT3m08,vKTT3m09,vKTT3m10,vKTT3m11,vKTT3m12,vKTT3m13,vKTT3m14,vKTT3m15,vKTT3m16,vKTT3m88",,"KTT3‧請問您使用抖音(TikTok)主要的原因或動機是什麼呢?(可多選)(卡13)【K1答(11)者,或K2答(07)者,才需回答此題】",,,
proposal,,KTT4,need,vK1m11 in 1 | vK2m07 in 1,"vKTT4m01,vKTT4m02,vKTT4m03,vKTT4m04,vKTT4m05,vKTT4m06,vKTT4m07,vKTT4m08,vKTT4m09,vKTT4m10,vKTT4m11,vKTT4m12,vKTT4m13,vKTT4m14,vKTT4m88",,,"KTT4‧請問您平常會在抖音(TikTok)上做哪些事情呢?(可多選)(卡14)【K1答(11)者,或K2答(07)者,才需回答此題】",,,
proposal,,KTT4,need_inverse,vK1m11~=1 & vK2m07~=1,,"vKTT4m01,vKTT4m02,vKTT4m03,vKTT4m04,vKTT4m05,vKTT4m06,vKTT4m07,vKTT4m08,vKTT4m09,vKTT4m10,vKTT4m11,vKTT4m12,vKTT4m13,vKTT4m14,vKTT4m88",,"KTT4‧請問您平常會在抖音(TikTok)上做哪些事情呢?(可多選)(卡14)【K1答(11)者,或K2答(07)者,才需回答此題】",,,
proposal,,KTT5,need,vK1m11 in 1 | vK2m07 in 1,"vKTT5m01,vKTT5m02,vKTT5m03,vKTT5m04,vKTT5m05,vKTT5m06,vKTT5m07,vKTT5m08,vKTT5m09,vKTT5m10,vKTT5m11,vKTT5m12,vKTT5m88",,,"KTT5‧請問您平常會在抖音(TikTok)上看什麼內容?(可多選)(卡15)【K1答(11)者,或K2答(07)者,才需回答此題】",,,
proposal,,KTT5,need_inverse,vK1m11~=1 & vK2m07~=1,,"vKTT5m01,vKTT5m02,vKTT5m03,vKTT5m04,vKTT5m05,vKTT5m06,vKTT5m07,vKTT5m08,vKTT5m09,vKTT5m10,vKTT5m11,vKTT5m12,vKTT5m88",,"KTT5‧請問您平常會在抖音(TikTok)上看什麼內容?(可多選)(卡15)【K1答(11)者,或K2答(07)者,才需回答此題】",,,
proposal,,KTT5,need,vK1m13 in 1 | vK2m11 in 1,"vKTT5m01,vKTT5m02,vKTT5m03,vKTT5m04,vKTT5m05,vKTT5m06,vKTT5m07,vKTT5m08,vKTT5m09,vKTT5m10,vKTT5m11,vKTT5m12,vKTT5m88",,,"KTT5 【陶振超委員】P5_1‧請問您每週平均有幾天使用Threads?【數值題,可輸入小數點,範圍為0.5、1、1.5、2、2.5、3、3.5、4、4.5、5、5.5、6、6.5、7、95、97、98】【K1答(13)者,或K2答(11)者,才需回答此題】",,,
proposal,,KTT5,need_inverse,vK1m13~=1 & vK2m11~=1,,"vKTT5m01,vKTT5m02,vKTT5m03,vKTT5m04,vKTT5m05,vKTT5m06,vKTT5m07,vKTT5m08,vKTT5m09,vKTT5m10,vKTT5m11,vKTT5m12,vKTT5m88",,"KTT5 【陶振超委員】P5_1‧請問您每週平均有幾天使用Threads?【數值題,可輸入小數點,範圍為0.5、1、1.5、2、2.5、3、3.5、4、4.5、5、5.5、6、6.5、7、95、97、98】【K1答(13)者,或K2答(11)者,才需回答此題】",,,
proposal,,KTT5,need,vK1m13 in 1 | vK2m11 in 1,"vKTT5m01,vKTT5m02,vKTT5m03,vKTT5m04,vKTT5m05,vKTT5m06,vKTT5m07,vKTT5m08,vKTT5m09,vKTT5m10,vKTT5m11,vKTT5m12,vKTT5m88",,,"KTT5 【陶振超委員】P5_2‧在您有使用Threads的那一天,您一整天大概會使用多久(真的有在用Threads的時間)?【數值題,範圍:0001-2359、9797、9898】【K1答(13)者,或K2答(11)者,才需回答此題】",,,
proposal,,KTT5,need_inverse,vK1m13~=1 & vK2m11~=1,,"vKTT5m01,vKTT5m02,vKTT5m03,vKTT5m04,vKTT5m05,vKTT5m06,vKTT5m07,vKTT5m08,vKTT5m09,vKTT5m10,vKTT5m11,vKTT5m12,vKTT5m88",,"KTT5 【陶振超委員】P5_2‧在您有使用Threads的那一天,您一整天大概會使用多久(真的有在用Threads的時間)?【數值題,範圍:0001-2359、9797、9898】【K1答(13)者,或K2答(11)者,才需回答此題】",,,
proposal,,E18,need,vK3m01 in 1,vE18,,,"E18‧請問您平常主要是透過哪種方式使用YouTube?(卡17)【K3答(01)者,才需回答此題】",,,
proposal,,E18,need_inverse,vK3m01~=1,,vE18,,"E18‧請問您平常主要是透過哪種方式使用YouTube?(卡17)【K3答(01)者,才需回答此題】",,,
proposal,,KYT1,need,vK3m01 in 1,vKYT1,,,"KYT1‧請問您每週平均有幾天使用YouTube?【數值題,可輸入小數點,範圍為0.5、1、1.5、2、2.5、3、3.5、4、4.5、5、5.5、6、6.5、7、95、97、98】【K3答(01)者,才需回答此題】",,,
proposal,,KYT1,need_inverse,vK3m01~=1,,vKYT1,,"KYT1‧請問您每週平均有幾天使用YouTube?【數值題,可輸入小數點,範圍為0.5、1、1.5、2、2.5、3、3.5、4、4.5、5、5.5、6、6.5、7、95、97、98】【K3答(01)者,才需回答此題】",,,
proposal,,KYT2,need,vK3m01 in 1,vKYT2,,,"KYT2‧在您有使用YouTube的那一天,您一整天大概會使用多久(真的有在用YouTube的時間)?【數值題,範圍:0001-2359、9797、9898】【K3答(01)者,才需回答此題】",,,
proposal,,KYT2,need_inverse,vK3m01~=1,,vKYT2,,"KYT2‧在您有使用YouTube的那一天,您一整天大概會使用多久(真的有在用YouTube的時間)?【數值題,範圍:0001-2359、9797、9898】【K3答(01)者,才需回答此題】",,,
proposal,,E2,need,vE1 in 1,"vE2m01,vE2m02,vE2m03,vE2m04,vE2m88",,,"E2‧請問您平常是用哪些設備上網?(可多選)(卡18)【E1答(01)者,需答此題】【資料處理:E17或E18答(01)者,E2選項(01)必選;E17或E18答(02)者,E2選項(02)必選;E17或E18答(03)者,E2選項(03)必選;E18答(04)者,E2選項(04)必選】",,,
proposal,,E2,need_inverse,vE1~=1,,"vE2m01,vE2m02,vE2m03,vE2m04,vE2m88",,"E2‧請問您平常是用哪些設備上網?(可多選)(卡18)【E1答(01)者,需答此題】【資料處理:E17或E18答(01)者,E2選項(01)必選;E17或E18答(02)者,E2選項(02)必選;E17或E18答(03)者,E2選項(03)必選;E18答(04)者,E2選項(04)必選】",,,
proposal,,E4,need,vE2m01 in 1 | vE17 in 1 | vE18 in 1,vE4,,,"E4‧您先前回答「每週平均有【貼D2答案】天會使用手機」,請問【貼D2答案】天中,平均有幾天會透過手機上網,例如:用LINE、滑臉書(Facebook)、看YouTube,只算有用手機上網的天數?【數值題,可輸入小數點,範圍為0.5、1、1.5、2、2.5、3、3.5、4、4.5、5、5.5、6、6.5、7、95、97、98】【E2有答(01)或E17答(01)或E18答(01),才需回答此題】",,,
proposal,,E4,need_inverse,vE2m01~=1 & vE17~=1 & vE18~=1 & vE2m01~=96 & vE17~=96 & vE18~=96,,vE4,,"E4‧您先前回答「每週平均有【貼D2答案】天會使用手機」,請問【貼D2答案】天中,平均有幾天會透過手機上網,例如:用LINE、滑臉書(Facebook)、看YouTube,只算有用手機上網的天數?【數值題,可輸入小數點,範圍為0.5、1、1.5、2、2.5、3、3.5、4、4.5、5、5.5、6、6.5、7、95、97、98】【E2有答(01)或E17答(01)或E18答(01),才需回答此題】",,,
proposal,,E5,need,(vE2m01 in 1 | vE17 in 1 | vE18 in 1) & (vO1_1 in 1 | vO1_1 in 2 | vO1_1 in 3 | vO1_1 in 4 | vO1_1 in 88 | vO1 in 1 | vO1 in 2 | vO1 in 3 | vO1 in 4 | vO1 in 5 | vO1 in 12 | vO1 in 13 | vO1 in 14 | vO1 in 88),vE5,,,"E5‧您先前回答「有使用手機的那一天,大約使用【貼D3答案】」,我們想請教您:【數值題,範圍:0000-2359、9797、9898】【E2有答(01)或E17答(01)或E18答(01),需回答此題】【O1_1答(01)~(04)、(88),或O1答(01)~(05)、(12)、(13)、(14)、(88)者,需回答此題】",,,
proposal,,E5,need_inverse,((vE2m01~=1 & vE17~=1 & vE18~=1) | (vO1_1~=1 & vO1_1~=2 & vO1_1~=3 & vO1_1~=4 & vO1_1~=88 & vO1~=1 & vO1~=2 & vO1~=3 & vO1~=4 & vO1~=5 & vO1~=12 & vO1~=13 & vO1~=14 & vO1~=88)) & vE2m01~=96 & vE17~=96 & vE18~=96,,vE5,,"E5‧您先前回答「有使用手機的那一天,大約使用【貼D3答案】」,我們想請教您:【數值題,範圍:0000-2359、9797、9898】【E2有答(01)或E17答(01)或E18答(01),需回答此題】【O1_1答(01)~(04)、(88),或O1答(01)~(05)、(12)、(13)、(14)、(88)者,需回答此題】",,,
proposal,,E6,need,vE2m01 in 1 | vE17 in 1 | vE18 in 1,vE6,,,"E6‧您先前回答「有使用手機的那一天,大約使用【貼D3答案】」,我們想請教您:【數值題,範圍:0000-2359、9797、9898】【E2有答(01)或E17答(01)或E18答(01),才需答此題】",,,
proposal,,E6,need_inverse,vE2m01~=1 & vE17~=1 & vE18~=1 & vE2m01~=96 & vE17~=96 & vE18~=96,,vE6,,"E6‧您先前回答「有使用手機的那一天,大約使用【貼D3答案】」,我們想請教您:【數值題,範圍:0000-2359、9797、9898】【E2有答(01)或E17答(01)或E18答(01),才需答此題】",,,
proposal,,E7,need,vE2m02 in 1 | vE17 in 2 | vE18 in 2,vE7,,,"E7‧請問您每週平均有幾天會透過平板上網?【數值題,可輸入小數點,範圍為0.5、1、1.5、2、2.5、3、3.5、4、4.5、5、5.5、6、6.5、7、95、97、98】【E2有答(02)或E17答(02)或E18答(02)者,才需回答此題】",,,
proposal,,E7,need_inverse,vE2m02~=1 & vE17~=2 & vE18~=2 & vE2m02~=96 & vE17~=96 & vE18~=96,,vE7,,"E7‧請問您每週平均有幾天會透過平板上網?【數值題,可輸入小數點,範圍為0.5、1、1.5、2、2.5、3、3.5、4、4.5、5、5.5、6、6.5、7、95、97、98】【E2有答(02)或E17答(02)或E18答(02)者,才需回答此題】",,,
proposal,,E8,need,(vE2m02 in 1 | vE17 in 2 | vE18 in 2) & (vO1_1 in 1 | vO1_1 in 2 | vO1_1 in 3 | vO1_1 in 4 | vO1_1 in 88 | vO1 in 1 | vO1 in 2 | vO1 in 3 | vO1 in 4 | vO1 in 5 | vO1 in 12 | vO1 in 13 | vO1 in 14 | vO1 in 88),vE8,,,"E8‧在您有上網的那一天:【數值題,範圍:0000-2359、9797、9898】【E2有答(02)或E17答(02)或E18答(02),需回答此題】【O1_1答(01)~(04)、(88),或O1答(01)~(05)、(12)、(13)、(14)、(88)者,需回答此題】",,,
proposal,,E8,need_inverse,((vE2m02~=1 & vE17~=2 & vE18~=2) | (vO1_1~=1 & vO1_1~=2 & vO1_1~=3 & vO1_1~=4 & vO1_1~=88 & vO1~=1 & vO1~=2 & vO1~=3 & vO1~=4 & vO1~=5 & vO1~=12 & vO1~=13 & vO1~=14 & vO1~=88)) & vE2m02~=96 & vE17~=96 & vE18~=96,,vE8,,"E8‧在您有上網的那一天:【數值題,範圍:0000-2359、9797、9898】【E2有答(02)或E17答(02)或E18答(02),需回答此題】【O1_1答(01)~(04)、(88),或O1答(01)~(05)、(12)、(13)、(14)、(88)者,需回答此題】",,,
proposal,,E9,need,vE2m02 in 1 | vE17 in 2 | vE18 in 2,vE9,,,"E9‧在您有上網的那一天:【數值題,範圍:0000-2359、9797、9898】【E2有答(02)或E17答(02)或E18答(02),才需答此題】",,,
proposal,,E9,need_inverse,vE2m02~=1 & vE17~=2 & vE18~=2 & vE2m02~=96 & vE17~=96 & vE18~=96,,vE9,,"E9‧在您有上網的那一天:【數值題,範圍:0000-2359、9797、9898】【E2有答(02)或E17答(02)或E18答(02),才需答此題】",,,
proposal,,E10,need,vE2m03 in 1 | vE17 in 3 | vE18 in 3,vE10,,,"E10‧請問您每週平均有幾天會透過電腦上網?【數值題,可輸入小數點,範圍為0.5、1、1.5、2、2.5、3、3.5、4、4.5、5、5.5、6、6.5、7、95、97、98】【E2有答(03)或E17答(03)或E18答(03),才需回答此題】",,,
proposal,,E10,need_inverse,vE2m03~=1 & vE17~=3 & vE18~=3 & vE2m03~=96 & vE17~=96 & vE18~=96,,vE10,,"E10‧請問您每週平均有幾天會透過電腦上網?【數值題,可輸入小數點,範圍為0.5、1、1.5、2、2.5、3、3.5、4、4.5、5、5.5、6、6.5、7、95、97、98】【E2有答(03)或E17答(03)或E18答(03),才需回答此題】",,,
proposal,,E11,need,(vE2m03 in 1 | vE17 in 3 | vE18 in 3) & (vO1_1 in 1 | vO1_1 in 2 | vO1_1 in 3 | vO1_1 in 4 | vO1_1 in 88 | vO1 in 1 | vO1 in 2 | vO1 in 3 | vO1 in 4 | vO1 in 5 | vO1 in 12 | vO1 in 13 | vO1 in 14 | vO1 in 88),vE11,,,"E11‧在您有上網的那一天:【數值題,範圍:0000-2359、9797、9898】【E2有答(03)或E17答(03)或E18答(03),需回答此題】【O1_1答(01)~(04)、(88),或O1答(01)~(05)、(12)、(13)、(14)、(88)者,需回答此題】",,,
proposal,,E11,need_inverse,((vE2m03~=1 & vE17~=3 & vE18~=3) | (vO1_1~=1 & vO1_1~=2 & vO1_1~=3 & vO1_1~=4 & vO1_1~=88 & vO1~=1 & vO1~=2 & vO1~=3 & vO1~=4 & vO1~=5 & vO1~=12 & vO1~=13 & vO1~=14 & vO1~=88)) & vE2m03~=96 & vE17~=96 & vE18~=96,,vE11,,"E11‧在您有上網的那一天:【數值題,範圍:0000-2359、9797、9898】【E2有答(03)或E17答(03)或E18答(03),需回答此題】【O1_1答(01)~(04)、(88),或O1答(01)~(05)、(12)、(13)、(14)、(88)者,需回答此題】",,,
proposal,,E12,need,vE2m03 in 1 | vE17 in 3 | vE18 in 3,vE12,,,"E12‧在您有上網的那一天:【數值題,範圍:0000-2359、9797、9898】【E2有答(03)或E17答(03)或E18答(03)者,才需回答此題】",,,
proposal,,E12,need_inverse,vE2m03~=1 & vE17~=3 & vE18~=3 & vE2m03~=96 & vE17~=96 & vE18~=96,,vE12,,"E12‧在您有上網的那一天:【數值題,範圍:0000-2359、9797、9898】【E2有答(03)或E17答(03)或E18答(03)者,才需回答此題】",,,
proposal,,E3,need,vE1 in 1,vE3,,,"E3‧請問您一天上網的時間是多少?【數值題,範圍:0001-2359、9797、9898】【E1答(01)者,需回答此題】",,,
proposal,,E3,need_inverse,vE1~=1,,vE3,,"E3‧請問您一天上網的時間是多少?【數值題,範圍:0001-2359、9797、9898】【E1答(01)者,需回答此題】",,,
proposal,,E13,need,vE1 in 1,"vE13m01,vE13m02,vE13m03,vE13m04,vE13m05,vE13m06,vE13m88",,,"E13‧請問您上網的原因或動機是什麼呢(包括用【貼題E2】)?(可多選)(卡19)【E1答(01)者,需回答此題】",,,
proposal,,E13,need_inverse,vE1~=1,,"vE13m01,vE13m02,vE13m03,vE13m04,vE13m05,vE13m06,vE13m88",,"E13‧請問您上網的原因或動機是什麼呢(包括用【貼題E2】)?(可多選)(卡19)【E1答(01)者,需回答此題】",,,
proposal,,E14,need,vE1 in 1,vE14,,,"E14‧請問您每個月平均在網路上消費(買東西)大概花多少錢?(例如:購物、購買遊戲點數、下載音樂或電影等)【數值題,範圍0-100000,超過最大值則填999991】【E1答(01)者,需回答此題】",,,
proposal,,E14,need_inverse,vE1~=1,,vE14,,"E14‧請問您每個月平均在網路上消費(買東西)大概花多少錢?(例如:購物、購買遊戲點數、下載音樂或電影等)【數值題,範圍0-100000,超過最大值則填999991】【E1答(01)者,需回答此題】",,,
proposal,,G7,need,vE1 in 1,"vG7m01,vG7m02,vG7m03,vG7m04,vG7m05,vG7m06,vG7m07,vG7m08,vG7m09,vG7m10,vG7m11,vG7m12,vG7m88,vG7m90",,,"G7‧請問您經常透過哪一些社群媒體、入口網站及整合新聞網站來看網路新聞?(可多選) 【訪員讀題完畢後,請將平板轉給受訪者選擇,並由訪員協助點選】【不顯示選項編號,選項(01)-(12)隨機出現】【E1答(01)者,需回答此題】",,,
proposal,,G7,need_inverse,vE1~=1,,"vG7m01,vG7m02,vG7m03,vG7m04,vG7m05,vG7m06,vG7m07,vG7m08,vG7m09,vG7m10,vG7m11,vG7m12,vG7m88,vG7m90",,"G7‧請問您經常透過哪一些社群媒體、入口網站及整合新聞網站來看網路新聞?(可多選) 【訪員讀題完畢後,請將平板轉給受訪者選擇,並由訪員協助點選】【不顯示選項編號,選項(01)-(12)隨機出現】【E1答(01)者,需回答此題】",,,
proposal,,G8,need,vE1 in 1,"vG8m01,vG8m02,vG8m03,vG8m04,vG8m05,vG8m06,vG8m07,vG8m08,vG8m09,vG8m10,vG8m11,vG8m12,vG8m13,vG8m14,vG8m15,vG8m16,vG8m88,vG8m90",,,"G8‧除了電視以外,有些人會透過網站、APP,或YouTube頻道來看電視新聞,那你會透過這些管道來看哪些電視台?(可多選) 【訪員讀題完畢後,請將平板轉給受訪者選擇,並由訪員協助點選】【不顯示選項編號,選項(01)-(16)隨機出現】【E1答(01)者,需回答此題】",,,
proposal,,G8,need_inverse,vE1~=1,,"vG8m01,vG8m02,vG8m03,vG8m04,vG8m05,vG8m06,vG8m07,vG8m08,vG8m09,vG8m10,vG8m11,vG8m12,vG8m13,vG8m14,vG8m15,vG8m16,vG8m88,vG8m90",,"G8‧除了電視以外,有些人會透過網站、APP,或YouTube頻道來看電視新聞,那你會透過這些管道來看哪些電視台?(可多選) 【訪員讀題完畢後,請將平板轉給受訪者選擇,並由訪員協助點選】【不顯示選項編號,選項(01)-(16)隨機出現】【E1答(01)者,需回答此題】",,,
proposal,,G9,need,vE1 in 1,"vG9m01,vG9m02,vG9m03,vG9m04,vG9m05,vG9m06,vG9m07,vG9m08,vG9m09,vG9m10,vG9m11,vG9m12,vG9m13,vG9m88,vG9m90",,,"G9‧那請問您經常透過哪一些電子報網站,或APP來看網路新聞?(可多選) 【訪員讀題完畢後,請將平板轉給受訪者選擇,並由訪員協助點選】【不顯示選項編號,選項(01)-(13)隨機出現】【E1答(01)者,需回答此題】",,,
proposal,,G9,need_inverse,vE1~=1,,"vG9m01,vG9m02,vG9m03,vG9m04,vG9m05,vG9m06,vG9m07,vG9m08,vG9m09,vG9m10,vG9m11,vG9m12,vG9m13,vG9m88,vG9m90",,"G9‧那請問您經常透過哪一些電子報網站,或APP來看網路新聞?(可多選) 【訪員讀題完畢後,請將平板轉給受訪者選擇,並由訪員協助點選】【不顯示選項編號,選項(01)-(13)隨機出現】【E1答(01)者,需回答此題】",,,
proposal,,G10,need,vE1 in 1,"vG10m01,vG10m02,vG10m03,vG10m04,vG10m05,vG10m06,vG10m07,vG10m08,vG10m09,vG10m10,vG10m11,vG10m12,vG10m13,vG10m14,vG10m15,vG10m16,vG10m17,vG10m18,vG10m19,vG10m88,vG10m90",,,"G10‧那請問您經常透過哪一些獨立媒體及通訊社網站,或APP來看網路新聞?(可多選) 【訪員讀題完畢後,請將平板轉給受訪者選擇,並由訪員協助點選】【不顯示選項編號,選項(01)-(19)隨機出現】【E1答(01)者,需回答此題】",,,
proposal,,G10,need_inverse,vE1~=1,,"vG10m01,vG10m02,vG10m03,vG10m04,vG10m05,vG10m06,vG10m07,vG10m08,vG10m09,vG10m10,vG10m11,vG10m12,vG10m13,vG10m14,vG10m15,vG10m16,vG10m17,vG10m18,vG10m19,vG10m88,vG10m90",,"G10‧那請問您經常透過哪一些獨立媒體及通訊社網站,或APP來看網路新聞?(可多選) 【訪員讀題完畢後,請將平板轉給受訪者選擇,並由訪員協助點選】【不顯示選項編號,選項(01)-(19)隨機出現】【E1答(01)者,需回答此題】",,,
proposal,,G11,need,vE1 in 1,"vG11m01,vG11m02,vG11m03,vG11m04,vG11m05,vG11m88,vG11m90",,,"G11‧那再請問您經常透過哪一些國際媒體的網站,或APP來看網路新聞?(可多選) 【訪員讀題完畢後,請將平板轉給受訪者選擇,並由訪員協助點選】【不顯示選項編號,選項(01)-(05)隨機出現】【E1答(01)者,需回答此題】",,,
proposal,,G11,need_inverse,vE1~=1,,"vG11m01,vG11m02,vG11m03,vG11m04,vG11m05,vG11m88,vG11m90",,"G11‧那再請問您經常透過哪一些國際媒體的網站,或APP來看網路新聞?(可多選) 【訪員讀題完畢後,請將平板轉給受訪者選擇,並由訪員協助點選】【不顯示選項編號,選項(01)-(05)隨機出現】【E1答(01)者,需回答此題】",,,
proposal,,G4,need,vG7m01 in 1 | vG7m02 in 1 | vG7m03 in 1 | vG7m04 in 1 | vG7m05 in 1 | vG7m06 in 1 | vG7m07 in 1 | vG7m08 in 1 | vG7m09 in 1 | vG7m10 in 1 | vG7m11 in 1 | vG7m12 in 1 | vG7m88 in 1 | vG8m01 in 1 | vG8m02 in 1 | vG8m03 in 1 | vG8m04 in 1 | vG8m05 in 1 | vG8m06 in 1 | vG8m07 in 1 | vG8m08 in 1 | vG8m09 in 1 | vG8m10 in 1 | vG8m11 in 1 | vG8m12 in 1 | vG8m13 in 1 | vG8m14 in 1 | vG8m15 in 1 | vG8m16 in 1 | vG8m88 in 1 | vG9m01 in 1 | vG9m02 in 1 | vG9m03 in 1 | vG9m04 in 1 | vG9m05 in 1 | vG9m06 in 1 | vG9m07 in 1 | vG9m08 in 1 | vG9m09 in 1 | vG9m10 in 1 | vG9m11 in 1 | vG9m12 in 1 | vG9m13 in 1 | vG9m88 in 1 | vG10m01 in 1 | vG10m02 in 1 | vG10m03 in 1 | vG10m04 in 1 | vG10m05 in 1 | vG10m06 in 1 | vG10m07 in 1 | vG10m08 in 1 | vG10m09 in 1 | vG10m10 in 1 | vG10m11 in 1 | vG10m12 in 1 | vG10m13 in 1 | vG10m14 in 1 | vG10m15 in 1 | vG10m16 in 1 | vG10m17 in 1 | vG10m18 in 1 | vG10m19 in 1 | vG10m88 in 1 | vG11m01 in 1 | vG11m02 in 1 | vG11m03 in 1 | vG11m04 in 1 | vG11m05 in 1 | vG11m88 in 1,vG4,,,"G4‧請問您每週平均有幾天會上網看新聞?【數值題,可輸入小數點,範圍為0.5、1、1.5、2、2.5、3、3.5、4、4.5、5、5.5、6、6.5、7、95、97、98】【G7或G8或G9或G10或G11答(01)-(88)者,需答此題】",,,
proposal,,G4,need_inverse,vG7m01~=1 & vG7m02~=1 & vG7m03~=1 & vG7m04~=1 & vG7m05~=1 & vG7m06~=1 & vG7m07~=1 & vG7m08~=1 & vG7m09~=1 & vG7m10~=1 & vG7m11~=1 & vG7m12~=1 & vG7m88~=1 & vG8m01~=1 & vG8m02~=1 & vG8m03~=1 & vG8m04~=1 & vG8m05~=1 & vG8m06~=1 & vG8m07~=1 & vG8m08~=1 & vG8m09~=1 & vG8m10~=1 & vG8m11~=1 & vG8m12~=1 & vG8m13~=1 & vG8m14~=1 & vG8m15~=1 & vG8m16~=1 & vG8m88~=1 & vG9m01~=1 & vG9m02~=1 & vG9m03~=1 & vG9m04~=1 & vG9m05~=1 & vG9m06~=1 & vG9m07~=1 & vG9m08~=1 & vG9m09~=1 & vG9m10~=1 & vG9m11~=1 & vG9m12~=1 & vG9m13~=1 & vG9m88~=1 & vG10m01~=1 & vG10m02~=1 & vG10m03~=1 & vG10m04~=1 & vG10m05~=1 & vG10m06~=1 & vG10m07~=1 & vG10m08~=1 & vG10m09~=1 & vG10m10~=1 & vG10m11~=1 & vG10m12~=1 & vG10m13~=1 & vG10m14~=1 & vG10m15~=1 & vG10m16~=1 & vG10m17~=1 & vG10m18~=1 & vG10m19~=1 & vG10m88~=1 & vG11m01~=1 & vG11m02~=1 & vG11m03~=1 & vG11m04~=1 & vG11m05~=1 & vG11m88~=1 & vG7m01~=96 & vG7m02~=96 & vG7m03~=96 & vG7m04~=96 & vG7m05~=96 & vG7m06~=96 & vG7m07~=96 & vG7m08~=96 & vG7m09~=96 & vG7m10~=96 & vG7m11~=96 & vG7m12~=96 & vG7m88~=96 & vG8m01~=96 & vG8m02~=96 & vG8m03~=96 & vG8m04~=96 & vG8m05~=96 & vG8m06~=96 & vG8m07~=96 & vG8m08~=96 & vG8m09~=96 & vG8m10~=96 & vG8m11~=96 & vG8m12~=96 & vG8m13~=96 & vG8m14~=96 & vG8m15~=96 & vG8m16~=96 & vG8m88~=96 & vG9m01~=96 & vG9m02~=96 & vG9m03~=96 & vG9m04~=96 & vG9m05~=96 & vG9m06~=96 & vG9m07~=96 & vG9m08~=96 & vG9m09~=96 & vG9m10~=96 & vG9m11~=96 & vG9m12~=96 & vG9m13~=96 & vG9m88~=96 & vG10m01~=96 & vG10m02~=96 & vG10m03~=96 & vG10m04~=96 & vG10m05~=96 & vG10m06~=96 & vG10m07~=96 & vG10m08~=96 & vG10m09~=96 & vG10m10~=96 & vG10m11~=96 & vG10m12~=96 & vG10m13~=96 & vG10m14~=96 & vG10m15~=96 & vG10m16~=96 & vG10m17~=96 & vG10m18~=96 & vG10m19~=96 & vG10m88~=96 & vG11m01~=96 & vG11m02~=96 & vG11m03~=96 & vG11m04~=96 & vG11m05~=96 & vG11m88~=96,,vG4,,"G4‧請問您每週平均有幾天會上網看新聞?【數值題,可輸入小數點,範圍為0.5、1、1.5、2、2.5、3、3.5、4、4.5、5、5.5、6、6.5、7、95、97、98】【G7或G8或G9或G10或G11答(01)-(88)者,需答此題】",,,
proposal,,G5,need,vG7m01 in 1 | vG7m02 in 1 | vG7m03 in 1 | vG7m04 in 1 | vG7m05 in 1 | vG7m06 in 1 | vG7m07 in 1 | vG7m08 in 1 | vG7m09 in 1 | vG7m10 in 1 | vG7m11 in 1 | vG7m12 in 1 | vG7m88 in 1 | vG8m01 in 1 | vG8m02 in 1 | vG8m03 in 1 | vG8m04 in 1 | vG8m05 in 1 | vG8m06 in 1 | vG8m07 in 1 | vG8m08 in 1 | vG8m09 in 1 | vG8m10 in 1 | vG8m11 in 1 | vG8m12 in 1 | vG8m13 in 1 | vG8m14 in 1 | vG8m15 in 1 | vG8m16 in 1 | vG8m88 in 1 | vG9m01 in 1 | vG9m02 in 1 | vG9m03 in 1 | vG9m04 in 1 | vG9m05 in 1 | vG9m06 in 1 | vG9m07 in 1 | vG9m08 in 1 | vG9m09 in 1 | vG9m10 in 1 | vG9m11 in 1 | vG9m12 in 1 | vG9m13 in 1 | vG9m88 in 1 | vG10m01 in 1 | vG10m02 in 1 | vG10m03 in 1 | vG10m04 in 1 | vG10m05 in 1 | vG10m06 in 1 | vG10m07 in 1 | vG10m08 in 1 | vG10m09 in 1 | vG10m10 in 1 | vG10m11 in 1 | vG10m12 in 1 | vG10m13 in 1 | vG10m14 in 1 | vG10m15 in 1 | vG10m16 in 1 | vG10m17 in 1 | vG10m18 in 1 | vG10m19 in 1 | vG10m88 in 1 | vG11m01 in 1 | vG11m02 in 1 | vG11m03 in 1 | vG11m04 in 1 | vG11m05 in 1 | vG11m88 in 1,vG5,,,"G5‧在您有上網看新聞的那一天,您一整天大概會看多久?【數值題,範圍:0001-2359、9797、9898】【G7或G8或G9或G10或G11答(01)-(88)者,需答此題】",,,
proposal,,G5,need_inverse,vG7m01~=1 & vG7m02~=1 & vG7m03~=1 & vG7m04~=1 & vG7m05~=1 & vG7m06~=1 & vG7m07~=1 & vG7m08~=1 & vG7m09~=1 & vG7m10~=1 & vG7m11~=1 & vG7m12~=1 & vG7m88~=1 & vG8m01~=1 & vG8m02~=1 & vG8m03~=1 & vG8m04~=1 & vG8m05~=1 & vG8m06~=1 & vG8m07~=1 & vG8m08~=1 & vG8m09~=1 & vG8m10~=1 & vG8m11~=1 & vG8m12~=1 & vG8m13~=1 & vG8m14~=1 & vG8m15~=1 & vG8m16~=1 & vG8m88~=1 & vG9m01~=1 & vG9m02~=1 & vG9m03~=1 & vG9m04~=1 & vG9m05~=1 & vG9m06~=1 & vG9m07~=1 & vG9m08~=1 & vG9m09~=1 & vG9m10~=1 & vG9m11~=1 & vG9m12~=1 & vG9m13~=1 & vG9m88~=1 & vG10m01~=1 & vG10m02~=1 & vG10m03~=1 & vG10m04~=1 & vG10m05~=1 & vG10m06~=1 & vG10m07~=1 & vG10m08~=1 & vG10m09~=1 & vG10m10~=1 & vG10m11~=1 & vG10m12~=1 & vG10m13~=1 & vG10m14~=1 & vG10m15~=1 & vG10m16~=1 & vG10m17~=1 & vG10m18~=1 & vG10m19~=1 & vG10m88~=1 & vG11m01~=1 & vG11m02~=1 & vG11m03~=1 & vG11m04~=1 & vG11m05~=1 & vG11m88~=1 & vG7m01~=96 & vG7m02~=96 & vG7m03~=96 & vG7m04~=96 & vG7m05~=96 & vG7m06~=96 & vG7m07~=96 & vG7m08~=96 & vG7m09~=96 & vG7m10~=96 & vG7m11~=96 & vG7m12~=96 & vG7m88~=96 & vG8m01~=96 & vG8m02~=96 & vG8m03~=96 & vG8m04~=96 & vG8m05~=96 & vG8m06~=96 & vG8m07~=96 & vG8m08~=96 & vG8m09~=96 & vG8m10~=96 & vG8m11~=96 & vG8m12~=96 & vG8m13~=96 & vG8m14~=96 & vG8m15~=96 & vG8m16~=96 & vG8m88~=96 & vG9m01~=96 & vG9m02~=96 & vG9m03~=96 & vG9m04~=96 & vG9m05~=96 & vG9m06~=96 & vG9m07~=96 & vG9m08~=96 & vG9m09~=96 & vG9m10~=96 & vG9m11~=96 & vG9m12~=96 & vG9m13~=96 & vG9m88~=96 & vG10m01~=96 & vG10m02~=96 & vG10m03~=96 & vG10m04~=96 & vG10m05~=96 & vG10m06~=96 & vG10m07~=96 & vG10m08~=96 & vG10m09~=96 & vG10m10~=96 & vG10m11~=96 & vG10m12~=96 & vG10m13~=96 & vG10m14~=96 & vG10m15~=96 & vG10m16~=96 & vG10m17~=96 & vG10m18~=96 & vG10m19~=96 & vG10m88~=96 & vG11m01~=96 & vG11m02~=96 & vG11m03~=96 & vG11m04~=96 & vG11m05~=96 & vG11m88~=96,,vG5,,"G5‧在您有上網看新聞的那一天,您一整天大概會看多久?【數值題,範圍:0001-2359、9797、9898】【G7或G8或G9或G10或G11答(01)-(88)者,需答此題】",,,
proposal,,B2,skip,vB1 in 0,,vB2,,"B2‧在您有看電視的星期一到星期五,您一整天大概會看多久?【數值題,範圍:0001-2359、9797、9898】【B1答0者,不需回答此題】",,,
proposal,,B2,skip_inverse,vB1~=0,vB2,,,"B2‧在您有看電視的星期一到星期五,您一整天大概會看多久?【數值題,範圍:0001-2359、9797、9898】【B1答0者,不需回答此題】",,,
proposal,,B4,skip,vB3 in 0,,vB4,,"B4‧請問星期六和星期日有看電視的那一天,您一整天大概會看多久?【數值題,範圍:0001-2359、9797、9898】【B3答0者,不需回答此題】",,,
proposal,,B4,skip_inverse,vB3~=0,vB4,,,"B4‧請問星期六和星期日有看電視的那一天,您一整天大概會看多久?【數值題,範圍:0001-2359、9797、9898】【B3答0者,不需回答此題】",,,
proposal,,B5,skip,vB1 in 0 & vB3 in 0,,vB5,,"B5 95、97、98】【B1及B3皆答0者,不需答此題】",,,
proposal,,B5,skip_inverse,vB1~=0 | vB3~=0,vB5,,,"B5 95、97、98】【B1及B3皆答0者,不需答此題】",,,
proposal,,B6,skip,vB5 in 0,,vB6,,"B6‧在您有看電視新聞的那一天,您一整天大概會看多久?【數值題,範圍:0001-2359、9797、9898】【B5答0者,不需答此題】",,,
proposal,,B6,skip_inverse,vB5~=0 & vB5~=9996,vB6,,,"B6‧在您有看電視新聞的那一天,您一整天大概會看多久?【數值題,範圍:0001-2359、9797、9898】【B5答0者,不需答此題】",,,
proposal,,B7a,skip,vB5 in 0,,"vB7am01,vB7am02,vB7am03,vB7am04,vB7am05,vB7am06,vB7am07,vB7am08,vB7am09,vB7am10,vB7am11,vB7am12,vB7am13,vB7am14,vB7am15,vB7am16,vB7am17,vB7am18,vB7am19,vB7am20,vB7am21,vB7am22,vB7am23,vB7am24,vB7am25,vB7am26,vB7am27,vB7am28,vB7am29,vB7am30,vB7am31,vB7am32,vB7am33,vB7am34,vB7am35,vB7am36,vB7am37,vB7am38,vB7am39,vB7am40,vB7am41,vB7am42,vB7am43,vB7am44,vB7am45,vB7am46,vB7am47,vB7am48,vB7am49,vB7am50,vB7am51,vB7am52,vB7am53,vB7am54,vB7am88",,"B7a‧請問您經常看哪幾台電視新聞?(可多選)(卡20)【B5答0者,不需答此題】",,,
proposal,,B7a,skip_inverse,vB5~=0 & vB5~=9996,"vB7am01,vB7am02,vB7am03,vB7am04,vB7am05,vB7am06,vB7am07,vB7am08,vB7am09,vB7am10,vB7am11,vB7am12,vB7am13,vB7am14,vB7am15,vB7am16,vB7am17,vB7am18,vB7am19,vB7am20,vB7am21,vB7am22,vB7am23,vB7am24,vB7am25,vB7am26,vB7am27,vB7am28,vB7am29,vB7am30,vB7am31,vB7am32,vB7am33,vB7am34,vB7am35,vB7am36,vB7am37,vB7am38,vB7am39,vB7am40,vB7am41,vB7am42,vB7am43,vB7am44,vB7am45,vB7am46,vB7am47,vB7am48,vB7am49,vB7am50,vB7am51,vB7am52,vB7am53,vB7am54,vB7am88",,,"B7a‧請問您經常看哪幾台電視新聞?(可多選)(卡20)【B5答0者,不需答此題】",,,
proposal,,B8,skip,vB1 in 0 & vB3 in 0,,"vB8m01,vB8m02,vB8m03,vB8m04,vB8m05,vB8m06,vB8m07,vB8m08,vB8m09,vB8m10,vB8m88",,"B8‧最近一個月您經常看下列哪幾種類型的電視節目?(可多選)(卡21)【B1及B3皆答0者,不需答此題】",,,
proposal,,B8,skip_inverse,vB1~=0 | vB3~=0,"vB8m01,vB8m02,vB8m03,vB8m04,vB8m05,vB8m06,vB8m07,vB8m08,vB8m09,vB8m10,vB8m88",,,"B8‧最近一個月您經常看下列哪幾種類型的電視節目?(可多選)(卡21)【B1及B3皆答0者,不需答此題】",,,
proposal,,I2,skip,vI1 in 0,,vI2,,"I2‧在您有看戲劇節目的星期一到星期五,您一整天大概會看多久?【數值題,範圍:0001-2359、9797、9898】【I1答0者,不需回答此題】",,,
proposal,,I2,skip_inverse,vI1~=0,vI2,,,"I2‧在您有看戲劇節目的星期一到星期五,您一整天大概會看多久?【數值題,範圍:0001-2359、9797、9898】【I1答0者,不需回答此題】",,,
proposal,,I4,skip,vI3 in 0,,vI4,,"I4‧星期六和星期日有看戲劇節目的那一天,您一整天大概會看多久?【數值題,範圍:0001-2359、9797、9898】【I3答0者,不需回答此題】",,,
proposal,,I4,skip_inverse,vI3~=0,vI4,,,"I4‧星期六和星期日有看戲劇節目的那一天,您一整天大概會看多久?【數值題,範圍:0001-2359、9797、9898】【I3答0者,不需回答此題】",,,
proposal,,G1,skip,vA9 in 1,,vG1,,"G1‧請問您每週平均有幾天會看紙本報紙?【數值題,可輸入小數點,範圍為0、0.5、1、1.5、2、2.5、3、3.5、4、4.5、5、5.5、6、6.5、7、95、97、98】【A09答(01)者,不需回答此題】",,,
proposal,,G1,skip_inverse,vA9~=1,vG1,,,"G1‧請問您每週平均有幾天會看紙本報紙?【數值題,可輸入小數點,範圍為0、0.5、1、1.5、2、2.5、3、3.5、4、4.5、5、5.5、6、6.5、7、95、97、98】【A09答(01)者,不需回答此題】",,,
proposal,,G2,skip,vA9 in 1 | vG1 in 0,,vG2,,"G2‧在您有看紙本報紙的那一天,您一整天大概會看多久?【數值題,範圍:0001-2359、9797、9898】【A09答(01)者,或G1答0者,不需回答此題】",,,
proposal,,G2,skip_inverse,vA9~=1 & vG1~=0 & vG1~=9996,vG2,,,"G2‧在您有看紙本報紙的那一天,您一整天大概會看多久?【數值題,範圍:0001-2359、9797、9898】【A09答(01)者,或G1答0者,不需回答此題】",,,
proposal,,G3,skip,vA9 in 1 | vG1 in 0,,"vG3m01,vG3m02,vG3m03,vG3m04,vG3m05,vG3m06,vG3m07,vG3m08,vG3m09,vG3m10,vG3m11,vG3m12,vG3m13,vG3m14,vG3m15,vG3m16,vG3m18,vG3m19,vG3m20,vG3m21,vG3m22,vG3m23,vG3m24,vG3m25,vG3m26,vG3m27,vG3m28,vG3m29,vG3m30,vG3m31,vG3m32,vG3m33,vG3m88",,"G3‧請問您經常看哪幾份紙本報紙?(可多選) (卡22) 【A09答(01)者,或G1答0者,不需回答此題】",,,
proposal,,G3,skip_inverse,vA9~=1 & vG1~=0 & vG1~=9996,"vG3m01,vG3m02,vG3m03,vG3m04,vG3m05,vG3m06,vG3m07,vG3m08,vG3m09,vG3m10,vG3m11,vG3m12,vG3m13,vG3m14,vG3m15,vG3m16,vG3m18,vG3m19,vG3m20,vG3m21,vG3m22,vG3m23,vG3m24,vG3m25,vG3m26,vG3m27,vG3m28,vG3m29,vG3m30,vG3m31,vG3m32,vG3m33,vG3m88",,,"G3‧請問您經常看哪幾份紙本報紙?(可多選) (卡22) 【A09答(01)者,或G1答0者,不需回答此題】",,,
proposal,,F0,skip,vA9 in 1,,vF0,,"F0‧請問您每個月是否會看紙本雜誌或網路雜誌?【A09答(01)者,不需回答此題】",,,
proposal,,F0,skip_inverse,vA9~=1,vF0,,,"F0‧請問您每個月是否會看紙本雜誌或網路雜誌?【A09答(01)者,不需回答此題】",,,
proposal,,F1,need,vF0 in 1 | vF0 in 89,vF1,,,"F1‧請問您每個月平均有幾天會看紙本雜誌(網路雜誌不算)?【數值題,可輸入小數點,範圍為0.5、1、1.5、...、30、30.5、31、95、97、98】【F0答(01)或(89)者,需答此題】",,,
proposal,,F1,need_inverse,vF0~=1 & vF0~=89 & vF0~=96,,vF1,,"F1‧請問您每個月平均有幾天會看紙本雜誌(網路雜誌不算)?【數值題,可輸入小數點,範圍為0.5、1、1.5、...、30、30.5、31、95、97、98】【F0答(01)或(89)者,需答此題】",,,
proposal,,F2,need,vF0 in 1 | vF0 in 89,vF2,,,"F2‧在您有看紙本雜誌(網路雜誌不算)的那一天,您一整天大概會看多久?【數值題,範圍:0001-2359、9797、9898】【F0答(01)或(89)者,需答此題】",,,
proposal,,F2,need_inverse,vF0~=1 & vF0~=89 & vF0~=96,,vF2,,"F2‧在您有看紙本雜誌(網路雜誌不算)的那一天,您一整天大概會看多久?【數值題,範圍:0001-2359、9797、9898】【F0答(01)或(89)者,需答此題】",,,
proposal,,F3,need,vF0 in 2 | vF0 in 89,vF3,,,"F3‧請問您每個月平均有幾天會在網路上看雜誌?【數值題,可輸入小數點,範圍為0.5、1、1.5、...、30、30.5、31、95、97、98】【F0答(02)或(89)者,需答此題】",,,
proposal,,F3,need_inverse,vF0~=2 & vF0~=89 & vF0~=96,,vF3,,"F3‧請問您每個月平均有幾天會在網路上看雜誌?【數值題,可輸入小數點,範圍為0.5、1、1.5、...、30、30.5、31、95、97、98】【F0答(02)或(89)者,需答此題】",,,
proposal,,F4,need,vF0 in 2 | vF0 in 89,vF4,,,"F4‧在您有看網路雜誌的那一天,您一整天大概會看多久?【數值題,範圍:0001-2359、9797、9898】【F0答(02)或(89)者,需答此題】",,,
proposal,,F4,need_inverse,vF0~=2 & vF0~=89 & vF0~=96,,vF4,,"F4‧在您有看網路雜誌的那一天,您一整天大概會看多久?【數值題,範圍:0001-2359、9797、9898】【F0答(02)或(89)者,需答此題】",,,
proposal,,F5,skip,vF0 in 90 | vF0 in 97 | vF0 in 98,,"vF5m01,vF5m02,vF5m03,vF5m04,vF5m05,vF5m06,vF5m07,vF5m08,vF5m88",,"F5‧您看雜誌(包含紙本和網路雜誌)時,經常看下列哪幾種內容?(可多選) (卡23) 【F0答(90)、(97)、(98)者,不需回答此題】",,,
proposal,,F5,skip_inverse,vF0~=90 & vF0~=97 & vF0~=98 & vF0~=96,"vF5m01,vF5m02,vF5m03,vF5m04,vF5m05,vF5m06,vF5m07,vF5m08,vF5m88",,,"F5‧您看雜誌(包含紙本和網路雜誌)時,經常看下列哪幾種內容?(可多選) (卡23) 【F0答(90)、(97)、(98)者,不需回答此題】",,,
proposal,,C2,skip,vC1 in 0,,vC2,,"C2‧在您有聽廣播的那一天,您一整天大概會聽多久?【數值題,範圍:0001-2359、9797、9898】【C1答0者,不需回答此題】",,,
proposal,,C2,skip_inverse,vC1~=0,vC2,,,"C2‧在您有聽廣播的那一天,您一整天大概會聽多久?【數值題,範圍:0001-2359、9797、9898】【C1答0者,不需回答此題】",,,
proposal,,C3,skip,vC1 in 0,,"vC3m01,vC3m02,vC3m03,vC3m04,vC3m05,vC3m06,vC3m07,vC3m08,vC3m09,vC3m10,vC3m11,vC3m88",,"C3‧您聽廣播時經常聽或經常聽到以下哪幾種類型的節目?(可多選) (卡24)【C1答0者,不需回答此題】",,,
proposal,,C3,skip_inverse,vC1~=0,"vC3m01,vC3m02,vC3m03,vC3m04,vC3m05,vC3m06,vC3m07,vC3m08,vC3m09,vC3m10,vC3m11,vC3m88",,,"C3‧您聽廣播時經常聽或經常聽到以下哪幾種類型的節目?(可多選) (卡24)【C1答0者,不需回答此題】",,,
proposal,,J4_2,skip,vA9 in 1,,vJ4_2,,"J4_2‧報紙(紙本)新聞可信度有幾分?_______分  □ (997)不知道□ (998)拒答【A9答(01)者,不需回答此題】",,,
proposal,,J4_2,skip_inverse,vA9~=1,vJ4_2,,,"J4_2‧報紙(紙本)新聞可信度有幾分?_______分  □ (997)不知道□ (998)拒答【A9答(01)者,不需回答此題】",,,
proposal,,J4_4,skip,vA9 in 1,,vJ4_4,,"J4_4‧雜誌(紙本)新聞可信度有幾分?_______分  □ (997)不知道 □ (998)拒答【A9答(01)者,不需回答此題】",,,
proposal,,J4_4,skip_inverse,vA9~=1,vJ4_4,,,"J4_4‧雜誌(紙本)新聞可信度有幾分?_______分  □ (997)不知道 □ (998)拒答【A9答(01)者,不需回答此題】",,,
proposal,,J4_5,need,vE1 in 1,vJ4_5,,,"J4_5‧網路新聞可信度有幾分?_______分  □ (997)不知道 □ (998)拒答 【E1答(01)者,需回答此題】",,,
proposal,,J4_5,need_inverse,vE1~=1,,vJ4_5,,"J4_5‧網路新聞可信度有幾分?_______分  □ (997)不知道 □ (998)拒答 【E1答(01)者,需回答此題】",,,
proposal,,JB1,skip,vB5 in 0,,"vJB1m01,vJB1m02,vJB1m03,vJB1m04,vJB1m05,vJB1m06,vJB1m07,vJB1m08,vJB1m09,vJB1m10,vJB1m11,vJB1m88,vJB1m90",,"JB1‧請問您認為目前臺灣電視新聞節目有下列哪些不好的地方,需要解決?(可多選)(卡26) 【B5答0者,不需答此題】",,,
proposal,,JB1,skip_inverse,vB5~=0 & vB5~=9996,"vJB1m01,vJB1m02,vJB1m03,vJB1m04,vJB1m05,vJB1m06,vJB1m07,vJB1m08,vJB1m09,vJB1m10,vJB1m11,vJB1m88,vJB1m90",,,"JB1‧請問您認為目前臺灣電視新聞節目有下列哪些不好的地方,需要解決?(可多選)(卡26) 【B5答0者,不需答此題】",,,
proposal,,JB2,need,vE1 in 1,"vJB2m01,vJB2m02,vJB2m03,vJB2m04,vJB2m05,vJB2m06,vJB2m07,vJB2m88,vJB2m90",,,"JB2‧那請問您認為目前台灣網路內容有哪些不好的地方,需要解決?(可多選)(卡27)【E1答(01)者,需回答此題】",,,
proposal,,JB2,need_inverse,vE1~=1,,"vJB2m01,vJB2m02,vJB2m03,vJB2m04,vJB2m05,vJB2m06,vJB2m07,vJB2m88,vJB2m90",,"JB2‧那請問您認為目前台灣網路內容有哪些不好的地方,需要解決?(可多選)(卡27)【E1答(01)者,需回答此題】",,,
proposal,,H2,need,vH1 in 997 | vH1 in 998,vH2,,,"H2‧那比較接近下面哪個答案?【H1答(997)或(998)者,需回答此題】",,,
proposal,,H2,need_inverse,vH1~=997 & vH1~=998,,vH2,,"H2‧那比較接近下面哪個答案?【H1答(997)或(998)者,需回答此題】",,,
proposal,,H3,skip,vH1 in 0 | vH2 in 1,,vH3,,"H3‧那這些與您「面對面」接觸且認識的人裡面,大概有多少跟您很熟?(卡28)【H1答0者,或H2答(01)者,不需回答此題】",,,
proposal,,H3,skip_inverse,vH1~=0 & vH2~=1 & vH2~=96,vH3,,,"H3‧那這些與您「面對面」接觸且認識的人裡面,大概有多少跟您很熟?(卡28)【H1答0者,或H2答(01)者,不需回答此題】",,,
proposal,,H4,need,vE1 in 1,vH4,,,"H4‧請問您平常一天會固定「透過網路」接觸且認識的人有幾位?例如在臉書(Facebook)、LINE、線上遊戲平台互相傳訊息或貼圖,叫得出名字或暱稱才算。【數值題,範圍為0-990、991、997、998】【E1答(01)者,需回答此題】",,,
proposal,,H4,need_inverse,vE1~=1,,vH4,,"H4‧請問您平常一天會固定「透過網路」接觸且認識的人有幾位?例如在臉書(Facebook)、LINE、線上遊戲平台互相傳訊息或貼圖,叫得出名字或暱稱才算。【數值題,範圍為0-990、991、997、998】【E1答(01)者,需回答此題】",,,
proposal,,H5,need,vH4 in 997 | vH4 in 998,vH5,,,"H5‧那比較接近下面哪個答案?【H4答(997)或(998)者,才需回答此題】",,,
proposal,,H5,need_inverse,vH4~=997 & vH4~=998 & vH4~=9996,,vH5,,"H5‧那比較接近下面哪個答案?【H4答(997)或(998)者,才需回答此題】",,,
proposal,,H6,skip,vH4 in 0 | vH5 in 1,,vH6,,"H6‧請問這些「透過網路」接觸且認識的人裡面,大概有多少跟您很熟?(卡28)【H4答0者,或H5答(01)者,不需回答此題】",,,
proposal,,H6,skip_inverse,vH4~=0 & vH5~=1 & vH4~=9996 & vH5~=96,vH6,,,"H6‧請問這些「透過網路」接觸且認識的人裡面,大概有多少跟您很熟?(卡28)【H4答0者,或H5答(01)者,不需回答此題】",,,
proposal,,H7,need,vH1~=0 & vH1~=997 & vH1~=998 & vH4~=0 & vH4~=997 & vH4~=998,vH7,,,"H7‧您平常一天會固定面對面接觸且認識的人有【貼題H1】人,會透過網路(例如:LINE)接觸且認識的人有【貼題H4】人,請問這兩群人中您會面對面同時也會透過網路接觸且認識的人有幾位?【數值題,範圍為0-990、991、997、998】【H1未答0、(997)、(998),且H4未答0、(997)、(998),需答此題】",,,
proposal,,H7,need_inverse,(vH1 in 0 | vH1 in 997 | vH1 in 998 | vH4 in 0 | vH4 in 997 | vH4 in 998) & vH4~=9996,,vH7,,"H7‧您平常一天會固定面對面接觸且認識的人有【貼題H1】人,會透過網路(例如:LINE)接觸且認識的人有【貼題H4】人,請問這兩群人中您會面對面同時也會透過網路接觸且認識的人有幾位?【數值題,範圍為0-990、991、997、998】【H1未答0、(997)、(998),且H4未答0、(997)、(998),需答此題】",,,
proposal,,H7_1,need,vH1~=0 & vH1~=997 & vH1~=998 & vH5~=1 & vH5~=97 & vH5~=98,vH7_1,,,"H7_1‧您平常一天會固定面對面接觸且認識的人有【貼題H1】人,會透過網路(例如:LINE)接觸且認識的人有【貼題H5】人,請問這兩群人中您會面對面同時也會透過網路接觸且認識的人有幾位?【數值題,範圍為0-990、991、997、998】【H1未答0、(997)、(998),且H5未答(01)、(97)、(98)者,需答此題】",,,
proposal,,H7_1,need_inverse,(vH1 in 0 | vH1 in 997 | vH1 in 998 | vH5 in 1 | vH5 in 97 | vH5 in 98) & vH5~=96,,vH7_1,,"H7_1‧您平常一天會固定面對面接觸且認識的人有【貼題H1】人,會透過網路(例如:LINE)接觸且認識的人有【貼題H5】人,請問這兩群人中您會面對面同時也會透過網路接觸且認識的人有幾位?【數值題,範圍為0-990、991、997、998】【H1未答0、(997)、(998),且H5未答(01)、(97)、(98)者,需答此題】",,,
proposal,,H7_2,need,vH2~=1 & vH2~=97 & vH2~=98 & vH4~=0 & vH4~=997 & vH4~=998,vH7_2,,,"H7_2‧您平常一天會固定面對面接觸且認識的人有【貼題H2】人,會透過網路(例如:LINE)接觸且認識的人有【貼題H4】人,請問這兩群人中您會面對面同時也會透過網路接觸且認識的人有幾位?【數值題,範圍為0-990、991、997、998】【H2未答(01)、(97)、(98),且H4未答0、(997)、(998),需答此題】",,,
proposal,,H7_2,need_inverse,(vH2 in 1 | vH2 in 97 | vH2 in 98 | vH4 in 0 | vH4 in 997 | vH4 in 998) & vH2~=96 & vH4~=9996,,vH7_2,,"H7_2‧您平常一天會固定面對面接觸且認識的人有【貼題H2】人,會透過網路(例如:LINE)接觸且認識的人有【貼題H4】人,請問這兩群人中您會面對面同時也會透過網路接觸且認識的人有幾位?【數值題,範圍為0-990、991、997、998】【H2未答(01)、(97)、(98),且H4未答0、(997)、(998),需答此題】",,,
proposal,,H7_3,need,vH2~=1 & vH2~=97 & vH2~=98 & vH5~=1 & vH5~=97 & vH5~=98,vH7_3,,,"H7_3‧您平常一天會固定面對面接觸且認識的人有【貼題H2】人,會透過網路(例如:LINE)接觸且認識的人有【貼題H5】人,請問這兩群人中您會面對面同時也會透過網路接觸且認識的人有幾位?【數值題,範圍為0-990、991、997、998】【H2未答(01)、(97)、(98),且H5未答(01)、(97)、(98)者,需答此題】",,,
proposal,,H7_3,need_inverse,(vH2 in 1 | vH2 in 97 | vH2 in 98 | vH5 in 1 | vH5 in 97 | vH5 in 98) & vH2~=96 & vH5~=96,,vH7_3,,"H7_3‧您平常一天會固定面對面接觸且認識的人有【貼題H2】人,會透過網路(例如:LINE)接觸且認識的人有【貼題H5】人,請問這兩群人中您會面對面同時也會透過網路接觸且認識的人有幾位?【數值題,範圍為0-990、991、997、998】【H2未答(01)、(97)、(98),且H5未答(01)、(97)、(98)者,需答此題】",,,
proposal,,M2,skip,vM1g1 in 0 & vM1g2 in 0,,"vM2m01,vM2m02,vM2m03,vM2m04,vM2m05,vM2m06,vM2m07,vM2m08,vM2m09,vM2m10,vM2m11,vM2m12,vM2m13,vM2m14,vM2m15,vM2m16,vM2m88",,"M2‧請問您常常在玩的遊戲類型(包含App遊戲)有哪幾種呢?(可多選)(卡29)【M1答0者,不需回答此題】",,,
proposal,,M2,skip_inverse,vM1g1~=0 | vM1g2~=0,"vM2m01,vM2m02,vM2m03,vM2m04,vM2m05,vM2m06,vM2m07,vM2m08,vM2m09,vM2m10,vM2m11,vM2m12,vM2m13,vM2m14,vM2m15,vM2m16,vM2m88",,,"M2‧請問您常常在玩的遊戲類型(包含App遊戲)有哪幾種呢?(可多選)(卡29)【M1答0者,不需回答此題】",,,
proposal,,M3,skip,vM1g1 in 0 & vM1g2 in 0,,"vM3m01,vM3m02,vM3m03,vM3m04,vM3m05,vM3m06,vM3m07,vM3m08,vM3m09,vM3m10,vM3m11,vM3m12,vM3m13,vM3m88",,"M3‧請問您玩電玩遊戲的主要原因或動機是什麼呢?(可多選)【訪員讀題完畢後,請將平板轉給受訪者選擇,並由訪員協助點選】【不顯示選項編號,選項(01)-(13)隨機出現】【M1答0者,不需回答此題】",,,
proposal,,M3,skip_inverse,vM1g1~=0 | vM1g2~=0,"vM3m01,vM3m02,vM3m03,vM3m04,vM3m05,vM3m06,vM3m07,vM3m08,vM3m09,vM3m10,vM3m11,vM3m12,vM3m13,vM3m88",,,"M3‧請問您玩電玩遊戲的主要原因或動機是什麼呢?(可多選)【訪員讀題完畢後,請將平板轉給受訪者選擇,並由訪員協助點選】【不顯示選項編號,選項(01)-(13)隨機出現】【M1答0者,不需回答此題】",,,
proposal,,M4,skip,vM1g1 in 0 & vM1g2 in 0,,"vM4sM4,vM4sM5,vM4sM6",,"M4-M6‧當您在玩電玩遊戲的時候,請問您同不同意接下來的一些說法?(卡30)【M4至M6請用群組題方式排版】【M1答0者,不需回答此題】",,,
proposal,,M4,skip_inverse,vM1g1~=0 | vM1g2~=0,"vM4sM4,vM4sM5,vM4sM6",,,"M4-M6‧當您在玩電玩遊戲的時候,請問您同不同意接下來的一些說法?(卡30)【M4至M6請用群組題方式排版】【M1答0者,不需回答此題】",,,
proposal,,N24,need,vO1 in 1 | vO1 in 2 | vO1 in 3 | vO1 in 4 | vO1 in 5 | vO1 in 88,vN24,,,"N24‧整體而言,您對於您的工作滿不滿意?(卡33) 【O1答(01)-(05)、(88)者,需回答此題】",,,
proposal,,N24,need_inverse,vO1~=1 & vO1~=2 & vO1~=3 & vO1~=4 & vO1~=5 & vO1~=88,,vN24,,"N24‧整體而言,您對於您的工作滿不滿意?(卡33) 【O1答(01)-(05)、(88)者,需回答此題】",,,
proposal,,Q1,skip,vG1 in 0 | vA9 in 1,,vQ1,,"Q1. 最近一個月,請問您有多常透過報紙獲得政治或公共事務的訊息呢? (卡40)【G1回答0者,不需回答此題】【A9答(01)不識字者不需回答此題】",,,
proposal,,Q1,skip_inverse,vG1~=0 & vA9~=1 & vG1~=9996,vQ1,,,"Q1. 最近一個月,請問您有多常透過報紙獲得政治或公共事務的訊息呢? (卡40)【G1回答0者,不需回答此題】【A9答(01)不識字者不需回答此題】",,,
proposal,,Q2,skip,vF0 in 90 | vA9 in 1,,vQ2,,"Q2. 最近一個月,請問您有多常透過雜誌獲得政治或公共事務的訊息呢?(卡40)【F0回答90者,不需回答此題】【A9答(01)不識字者不需回答此題】",,,
proposal,,Q2,skip_inverse,vF0~=90 & vA9~=1 & vF0~=96,vQ2,,,"Q2. 最近一個月,請問您有多常透過雜誌獲得政治或公共事務的訊息呢?(卡40)【F0回答90者,不需回答此題】【A9答(01)不識字者不需回答此題】",,,
proposal,,Q3,skip,vC1 in 0,,vQ3,,"Q3. 最近一個月,請問您有多常透過廣播獲得政治或公共事務的訊息呢? (卡40)【C1回答0者,不需回答此題】",,,
proposal,,Q3,skip_inverse,vC1~=0,vQ3,,,"Q3. 最近一個月,請問您有多常透過廣播獲得政治或公共事務的訊息呢? (卡40)【C1回答0者,不需回答此題】",,,
proposal,,Q4,skip,vB1 in 0 & vB3 in 0,,vQ4,,"Q4. 最近一個月,請問您有多常透過電視獲得政治或公共事務的訊息呢?(卡40)【B1及B3皆回答0者,不需回答此題】",,,
proposal,,Q4,skip_inverse,vB1~=0 | vB3~=0,vQ4,,,"Q4. 最近一個月,請問您有多常透過電視獲得政治或公共事務的訊息呢?(卡40)【B1及B3皆回答0者,不需回答此題】",,,
proposal,,Q5,need,vE1 in 1,vQ5,,,"Q5. 請問您有沒有透過網路接觸到(包括:觀看、瀏覽、點閱或蒐尋)和「政治或公共事務」有關的新聞、訊息或影片?【E1答(01)者,需回答此題】",,,
proposal,,Q5,need_inverse,vE1~=1,,vQ5,,"Q5. 請問您有沒有透過網路接觸到(包括:觀看、瀏覽、點閱或蒐尋)和「政治或公共事務」有關的新聞、訊息或影片?【E1答(01)者,需回答此題】",,,
proposal,,Q6,skip,vQ5 in 2 | vQ5 in 97 | vQ5 in 98 | vK2m90 in 1,,vQ6,,"Q6 社群媒體(如:Threads、臉書Facebook、Instagram、抖音TikTok等)?(卡41)【Q5答(02)、(97)、(98)者,或K2答(90)者,不需答此題】【不須答此題】",,,
proposal,,Q6,skip_inverse,vQ5~=2 & vQ5~=97 & vQ5~=98 & vK2m90~=1 & vQ5~=96,vQ6,,,"Q6 社群媒體(如:Threads、臉書Facebook、Instagram、抖音TikTok等)?(卡41)【Q5答(02)、(97)、(98)者,或K2答(90)者,不需答此題】【不須答此題】",,,
proposal,,Q7,skip,vQ5 in 2 | vQ5 in 97 | vQ5 in 98 | vK3m90 in 1,,vQ7,,"Q7 影音平台(如:YouTube)?(卡41)【Q5答(02)、(97)、(98)者,或K3答(90)者,不需答此題】",,,
proposal,,Q7,skip_inverse,vQ5~=2 & vQ5~=97 & vQ5~=98 & vK3m90~=1 & vQ5~=96,vQ7,,,"Q7 影音平台(如:YouTube)?(卡41)【Q5答(02)、(97)、(98)者,或K3答(90)者,不需答此題】",,,
proposal,,Q8,skip,vQ5 in 2 | vQ5 in 97 | vQ5 in 98 | vK1m90 in 1,,vQ8,,"Q8 通訊軟體(如:LINE、FB messenger)?(卡41)【Q5答(02)、(97)、(98)者,或K1答(90)者,不需答此題】",,,
proposal,,Q8,skip_inverse,vQ5~=2 & vQ5~=97 & vQ5~=98 & vK1m90~=1 & vQ5~=96,vQ8,,,"Q8 通訊軟體(如:LINE、FB messenger)?(卡41)【Q5答(02)、(97)、(98)者,或K1答(90)者,不需答此題】",,,
proposal,,Q9,skip,vQ5 in 2 | vQ5 in 97 | vQ5 in 98 | (vG7m90 in 1 & vG8m90 in 1 & vG9m90 in 1 & vG10m90 in 1 & vG11m90 in 1),,vQ9,,"Q9 新聞網站(如:ETtoday新聞雲、聯合新聞網等)?(卡41)【Q5答(02)、(97)、(98)者,或G7和G8和G9和G10和G11皆答(90),不需答此題】",,,
proposal,,Q9,skip_inverse,(vQ5~=2 & vQ5~=97 & vQ5~=98 & (vG7m90~=1 | vG8m90~=1 | vG9m90~=1 | vG10m90~=1 | vG11m90~=1)) & vQ5~=96 & vG7m90~=96 & vG8m90~=96 & vG9m90~=96 & vG10m90~=96 & vG11m90~=96,vQ9,,,"Q9 新聞網站(如:ETtoday新聞雲、聯合新聞網等)?(卡41)【Q5答(02)、(97)、(98)者,或G7和G8和G9和G10和G11皆答(90),不需答此題】",,,
proposal,,Q10,need,vE1 in 1,vQ10,,,"Q10. 請問您有沒有透過網路轉貼、轉寄或分享和「政治或公共事務」有關的新聞、訊息或影片?【E1答(01)者,需回答此題】",,,
proposal,,Q10,need_inverse,vE1~=1,,vQ10,,"Q10. 請問您有沒有透過網路轉貼、轉寄或分享和「政治或公共事務」有關的新聞、訊息或影片?【E1答(01)者,需回答此題】",,,
proposal,,Q10,need,vQ5 in 2 & vQ10 in 1,vQ10,,,"Q10 【檢查題】CKQ10.請向受訪者說明:【Q5答(02)者,且Q10答(01)者,需回答此題】",,,
proposal,,Q10,need_inverse,(vQ5~=2 | vQ10~=1) & vQ5~=96 & vQ10~=96,,vQ10,,"Q10 【檢查題】CKQ10.請向受訪者說明:【Q5答(02)者,且Q10答(01)者,需回答此題】",,,
proposal,,Q11,skip,vQ10 in 2 | vQ10 in 97 | vQ10 in 98 | vK2m90 in 1 | vQ6 in 1,,vQ11,,"Q11 社群媒體(如:Threads、臉書Facebook、Instagram、抖音TikTok等)?(卡41)【Q10答(02)、(97)、(98)者,或K2答(90)者,或Q6答(01)者,不需答此題】",,,
proposal,,Q11,skip_inverse,vQ10~=2 & vQ10~=97 & vQ10~=98 & vK2m90~=1 & vQ6~=1 & vQ10~=96 & vQ6~=96,vQ11,,,"Q11 社群媒體(如:Threads、臉書Facebook、Instagram、抖音TikTok等)?(卡41)【Q10答(02)、(97)、(98)者,或K2答(90)者,或Q6答(01)者,不需答此題】",,,
proposal,,Q12,skip,vQ10 in 2 | vQ10 in 97 | vQ10 in 98 | vK3m90 in 1 | vQ7 in 1,,vQ12,,"Q12 影音平台(如:YouTube)?(卡41)【Q10答(02)、(97)、(98)者,或K3答(90)者,或Q7答(01)者,不需答此題】",,,
proposal,,Q12,skip_inverse,vQ10~=2 & vQ10~=97 & vQ10~=98 & vK3m90~=1 & vQ7~=1 & vQ10~=96 & vQ7~=96,vQ12,,,"Q12 影音平台(如:YouTube)?(卡41)【Q10答(02)、(97)、(98)者,或K3答(90)者,或Q7答(01)者,不需答此題】",,,
proposal,,Q13,skip,vQ10 in 2 | vQ10 in 97 | vQ10 in 98 | vK1m90 in 1 | vQ8 in 1,,vQ13,,"Q13 通訊軟體(如:LINE、FB messenger)?(卡41)【Q10答(02)、(97)、(98)者,或K1答(90)者,或Q8答(01)者,不需答此題】",,,
proposal,,Q13,skip_inverse,vQ10~=2 & vQ10~=97 & vQ10~=98 & vK1m90~=1 & vQ8~=1 & vQ10~=96 & vQ8~=96,vQ13,,,"Q13 通訊軟體(如:LINE、FB messenger)?(卡41)【Q10答(02)、(97)、(98)者,或K1答(90)者,或Q8答(01)者,不需答此題】",,,
proposal,,Q14,skip,vQ10 in 2 | vQ10 in 97 | vQ10 in 98 | (vG7m90 in 1 & vG8m90 in 1 & vG9m90 in 1 & vG10m90 in 1 & vG11m90 in 1) | vQ9 in 1,,vQ14,,"Q14.請問您多常透過下列網路平台轉貼、轉寄或分享和「政治或公共事務」有關的新聞、訊息或影片? 新聞網站(如:ETtoday新聞雲、聯合新聞網等)?(卡41)【Q10答(02)、(97)、(98)者,或G7和G8和G9和G10和G11皆答(90),或Q9答(01)者,不需答此題】",,,
proposal,,Q14,skip_inverse,(vQ10~=2 & vQ10~=97 & vQ10~=98 & (vG7m90~=1 | vG8m90~=1 | vG9m90~=1 | vG10m90~=1 | vG11m90~=1) & vQ9~=1) & vQ10~=96 & vG7m90~=96 & vG8m90~=96 & vG9m90~=96 & vG10m90~=96 & vG11m90~=96 & vQ9~=96,vQ14,,,"Q14.請問您多常透過下列網路平台轉貼、轉寄或分享和「政治或公共事務」有關的新聞、訊息或影片? 新聞網站(如:ETtoday新聞雲、聯合新聞網等)?(卡41)【Q10答(02)、(97)、(98)者,或G7和G8和G9和G10和G11皆答(90),或Q9答(01)者,不需答此題】",,,
proposal,,Q15,need,vE1 in 1,vQ15,,,"Q15. 請問您有沒有透過網路發布或發表「政治或公共事務」相關的訊息(包含製作影片或評論新聞)?【E1答(01)者,需回答此題】",,,
proposal,,Q15,need_inverse,vE1~=1,,vQ15,,"Q15. 請問您有沒有透過網路發布或發表「政治或公共事務」相關的訊息(包含製作影片或評論新聞)?【E1答(01)者,需回答此題】",,,
proposal,,Q16,skip,vQ15 in 2 | vQ15 in 97 | vQ15 in 98 | vK2m90 in 1,,vQ16,,"Q16 社群媒體(如:Threads、臉書Facebook、Instagram、抖音TikTok等)?(卡41)【Q15答(02)、(97)、(98)者,或K2答(90)者,不需答此題】",,,
proposal,,Q16,skip_inverse,vQ15~=2 & vQ15~=97 & vQ15~=98 & vK2m90~=1 & vQ15~=96,vQ16,,,"Q16 社群媒體(如:Threads、臉書Facebook、Instagram、抖音TikTok等)?(卡41)【Q15答(02)、(97)、(98)者,或K2答(90)者,不需答此題】",,,
proposal,,Q17,skip,vQ15 in 2 | vQ15 in 97 | vQ15 in 98 | vK3m90 in 1,,vQ17,,"Q17 影音平台(如:YouTube)?(卡41)【Q15答(02)、(97)、(98)者,或K3答(90)者,不需答此題】",,,
proposal,,Q17,skip_inverse,vQ15~=2 & vQ15~=97 & vQ15~=98 & vK3m90~=1 & vQ15~=96,vQ17,,,"Q17 影音平台(如:YouTube)?(卡41)【Q15答(02)、(97)、(98)者,或K3答(90)者,不需答此題】",,,
proposal,,Q18,skip,vQ15 in 2 | vQ15 in 97 | vQ15 in 98 | vK1m90 in 1,,vQ18,,"Q18 通訊軟體(如:LINE、FB messenger)?(卡41)【Q15答(02)、(97)、(98)者,或K1答(90)者,不需答此題】",,,
proposal,,Q18,skip_inverse,vQ15~=2 & vQ15~=97 & vQ15~=98 & vK1m90~=1 & vQ15~=96,vQ18,,,"Q18 通訊軟體(如:LINE、FB messenger)?(卡41)【Q15答(02)、(97)、(98)者,或K1答(90)者,不需答此題】",,,
proposal,,Q19,skip,vQ15 in 2 | vQ15 in 97 | vQ15 in 98 | (vG7m90 in 1 & vG8m90 in 1 & vG9m90 in 1 & vG10m90 in 1 & vG11m90 in 1),,vQ19,,"Q19.請問您多常透過下列網路平台發「政治或公共事務」相關的訊息(包含製作影片或評論新聞)?新聞網站(如:ETtoday新聞雲、聯合新聞網等)?(卡41)【Q15答(02)、(97)、(98)者,或G7和G8和G9和G10和G11皆答(90),不需答此題】",,,
proposal,,Q19,skip_inverse,(vQ15~=2 & vQ15~=97 & vQ15~=98 & (vG7m90~=1 | vG8m90~=1 | vG9m90~=1 | vG10m90~=1 | vG11m90~=1)) & vQ15~=96 & vG7m90~=96 & vG8m90~=96 & vG9m90~=96 & vG10m90~=96 & vG11m90~=96,vQ19,,,"Q19.請問您多常透過下列網路平台發「政治或公共事務」相關的訊息(包含製作影片或評論新聞)?新聞網站(如:ETtoday新聞雲、聯合新聞網等)?(卡41)【Q15答(02)、(97)、(98)者,或G7和G8和G9和G10和G11皆答(90),不需答此題】",,,
proposal,,Q20,need,vQ5 in 2 & (vQ20m02 in 1 | vQ20m03 in 1 | vQ20m04 in 1 | vQ20m05 in 1),"vQ20m01,vQ20m02,vQ20m03,vQ20m04,vQ20m05,vQ20m06,vQ20m88,vQ20m90",,,"Q20 【檢查題】CKQ20A.請向受訪者說明:【Q5答(02)者,且Q20答(02)~(05)者,需回答此題】",,,
proposal,,Q20,need_inverse,(vQ5~=2 | (vQ20m02~=1 & vQ20m03~=1 & vQ20m04~=1 & vQ20m05~=1)) & vQ5~=96 & vQ20m02~=96 & vQ20m03~=96 & vQ20m04~=96 & vQ20m05~=96,,"vQ20m01,vQ20m02,vQ20m03,vQ20m04,vQ20m05,vQ20m06,vQ20m88,vQ20m90",,"Q20 【檢查題】CKQ20A.請向受訪者說明:【Q5答(02)者,且Q20答(02)~(05)者,需回答此題】",,,
proposal,,Q20,need,vQ5 in 2 & vQ20m01 in 1 & vB1 in 0 & vB3 in 0,"vQ20m01,vQ20m02,vQ20m03,vQ20m04,vQ20m05,vQ20m06,vQ20m88,vQ20m90",,,"Q20 【檢查題】CKQ20B.請向受訪者說明:【Q5答(02)者,且Q20答(01)者,且B1答0,且B3答0者,需回答此題】",,,
proposal,,Q20,need_inverse,(vQ5~=2 | vQ20m01~=1 | vB1~=0 | vB3~=0) & vQ5~=96 & vQ20m01~=96,,"vQ20m01,vQ20m02,vQ20m03,vQ20m04,vQ20m05,vQ20m06,vQ20m88,vQ20m90",,"Q20 【檢查題】CKQ20B.請向受訪者說明:【Q5答(02)者,且Q20答(01)者,且B1答0,且B3答0者,需回答此題】",,,
proposal,,Q24,need,vQ20m01 in 1,"vQ24g1,vQ24g2",,,"Q24 請問您每星期大約會看幾個小時的「談話性政論節目」(不論是從電視或YouTube上觀看都算)?【Q20答(01)者,需回答此題】【數值題,小時範圍:0-140、997、998;分鐘範圍:0-59、97、98】",,,
proposal,,Q24,need_inverse,vQ20m01~=1 & vQ20m01~=96,,"vQ24g1,vQ24g2",,"Q24 請問您每星期大約會看幾個小時的「談話性政論節目」(不論是從電視或YouTube上觀看都算)?【Q20答(01)者,需回答此題】【數值題,小時範圍:0-140、997、998;分鐘範圍:0-59、97、98】",,,
proposal,,Q25,need,vQ20m01 in 1,"vQ25m01,vQ25m02,vQ25m03,vQ25m04,vQ25m05,vQ25m06,vQ25m07,vQ25m08,vQ25m09,vQ25m10,vQ25m11,vQ25m12,vQ25m13,vQ25m14,vQ25m15,vQ25m16,vQ25m17,vQ25m18,vQ25m19,vQ25m20,vQ25m21,vQ25m22,vQ25m23,vQ25m24,vQ25m25,vQ25m26,vQ25m27,vQ25m28,vQ25m29,vQ25m30,vQ25m31,vQ25m88",,,"Q25 請問您最常透過哪些談話性政論節目獲得政治或公共事務相關訊息?(可多選)【Q20答(01)者,需回答此題】 (卡43)",,,
proposal,,Q25,need_inverse,vQ20m01~=1 & vQ20m01~=96,,"vQ25m01,vQ25m02,vQ25m03,vQ25m04,vQ25m05,vQ25m06,vQ25m07,vQ25m08,vQ25m09,vQ25m10,vQ25m11,vQ25m12,vQ25m13,vQ25m14,vQ25m15,vQ25m16,vQ25m17,vQ25m18,vQ25m19,vQ25m20,vQ25m21,vQ25m22,vQ25m23,vQ25m24,vQ25m25,vQ25m26,vQ25m27,vQ25m28,vQ25m29,vQ25m30,vQ25m31,vQ25m88",,"Q25 請問您最常透過哪些談話性政論節目獲得政治或公共事務相關訊息?(可多選)【Q20答(01)者,需回答此題】 (卡43)",,,
proposal,,Q21,need,vQ20m02 in 1 | vQ20m03 in 1,"vQ21g1,vQ21g2",,,"Q21 請問您每星期大約會看幾個小時的「政治人物或政治網紅影片」(不論是從YouTube、臉書、IG都算,包括直播與直播結束後的留存影片)?【Q20答(02)或(03)者,需回答此題】【數值題,小時範圍:0-140、997、998;分鐘範圍:0-59、97、98】",,,
proposal,,Q21,need_inverse,vQ20m02~=1 & vQ20m03~=1 & vQ20m02~=96 & vQ20m03~=96,,"vQ21g1,vQ21g2",,"Q21 請問您每星期大約會看幾個小時的「政治人物或政治網紅影片」(不論是從YouTube、臉書、IG都算,包括直播與直播結束後的留存影片)?【Q20答(02)或(03)者,需回答此題】【數值題,小時範圍:0-140、997、998;分鐘範圍:0-59、97、98】",,,
proposal,,Q22,need,vQ20m02 in 1,"vQ22m01,vQ22m02,vQ22m03,vQ22m04,vQ22m05,vQ22m06,vQ22m07,vQ22m08,vQ22m09,vQ22m10,vQ22m11,vQ22m12,vQ22m13,vQ22m14,vQ22m15,vQ22m16,vQ22m17,vQ22m18,vQ22m19,vQ22m20,vQ22m21,vQ22m22,vQ22m23,vQ22m24,vQ22m25,vQ22m26,vQ22m27,vQ22m28,vQ22m29,vQ22m30,vQ22m31,vQ22m32,vQ22m33,vQ22m34,vQ22m35,vQ22m36,vQ22m37,vQ22m38,vQ22m39,vQ22m40,vQ22m88",,,"Q22 在以下經常談論政治或公共事務的政治人物中,請問您最常觀看誰的影片或貼文?(是指透過政治人物YouTube頻道、臉書粉專、IG帳號上的貼文、直播和預錄影片)(可多選) 【Q20答(02)者,需回答此題】(卡44)",,,
proposal,,Q22,need_inverse,vQ20m02~=1 & vQ20m02~=96,,"vQ22m01,vQ22m02,vQ22m03,vQ22m04,vQ22m05,vQ22m06,vQ22m07,vQ22m08,vQ22m09,vQ22m10,vQ22m11,vQ22m12,vQ22m13,vQ22m14,vQ22m15,vQ22m16,vQ22m17,vQ22m18,vQ22m19,vQ22m20,vQ22m21,vQ22m22,vQ22m23,vQ22m24,vQ22m25,vQ22m26,vQ22m27,vQ22m28,vQ22m29,vQ22m30,vQ22m31,vQ22m32,vQ22m33,vQ22m34,vQ22m35,vQ22m36,vQ22m37,vQ22m38,vQ22m39,vQ22m40,vQ22m88",,"Q22 在以下經常談論政治或公共事務的政治人物中,請問您最常觀看誰的影片或貼文?(是指透過政治人物YouTube頻道、臉書粉專、IG帳號上的貼文、直播和預錄影片)(可多選) 【Q20答(02)者,需回答此題】(卡44)",,,
proposal,,Q23,need,vQ20m03 in 1,"vQ23m01,vQ23m02,vQ23m03,vQ23m04,vQ23m05,vQ23m06,vQ23m07,vQ23m08,vQ23m09,vQ23m10,vQ23m11,vQ23m12,vQ23m13,vQ23m14,vQ23m15,vQ23m16,vQ23m17,vQ23m18,vQ23m19,vQ23m20,vQ23m21,vQ23m22,vQ23m23,vQ23m24,vQ23m25,vQ23m26,vQ23m27,vQ23m88",,,"Q23在以下經常談論政治或公共事務的網紅或公眾人物中,請問您最常觀看誰的影片?(可多選) (卡45)【Q20答(03)者,需回答此題】",,,
proposal,,Q23,need_inverse,vQ20m03~=1 & vQ20m03~=96,,"vQ23m01,vQ23m02,vQ23m03,vQ23m04,vQ23m05,vQ23m06,vQ23m07,vQ23m08,vQ23m09,vQ23m10,vQ23m11,vQ23m12,vQ23m13,vQ23m14,vQ23m15,vQ23m16,vQ23m17,vQ23m18,vQ23m19,vQ23m20,vQ23m21,vQ23m22,vQ23m23,vQ23m24,vQ23m25,vQ23m26,vQ23m27,vQ23m88",,"Q23在以下經常談論政治或公共事務的網紅或公眾人物中,請問您最常觀看誰的影片?(可多選) (卡45)【Q20答(03)者,需回答此題】",,,
proposal,,Q26A,need,vQ20m04 in 1,"vQ26Ag1,vQ26Ag2",,,"Q26A請問您每星期大約會聽幾個小時和「政治或公共事務」有關的播客(Podcast)?【Q20答(04)者,需回答此題】【數值題,小時範圍:0-140、997、998;分鐘範圍:0-59、97、98】",,,
proposal,,Q26A,need_inverse,vQ20m04~=1 & vQ20m04~=96,,"vQ26Ag1,vQ26Ag2",,"Q26A請問您每星期大約會聽幾個小時和「政治或公共事務」有關的播客(Podcast)?【Q20答(04)者,需回答此題】【數值題,小時範圍:0-140、997、998;分鐘範圍:0-59、97、98】",,,
proposal,,Q26,need,vQ20m04 in 1,"vQ26m01,vQ26m02,vQ26m03,vQ26m04,vQ26m05,vQ26m06,vQ26m07,vQ26m08,vQ26m09,vQ26m10,vQ26m11,vQ26m12,vQ26m13,vQ26m14,vQ26m15,vQ26m16,vQ26m17,vQ26m18,vQ26m19,vQ26m20,vQ26m21,vQ26m22,vQ26m23,vQ26m24,vQ26m25,vQ26m26,vQ26m27,vQ26m28,vQ26m29,vQ26m88",,,"Q26除了新聞,您最常透過哪些播客(Podcast)節目獲得政治或公共事務相關資訊?(可多選)(卡46)【Q20答(04)者,需回答此題】",,,
proposal,,Q26,need_inverse,vQ20m04~=1 & vQ20m04~=96,,"vQ26m01,vQ26m02,vQ26m03,vQ26m04,vQ26m05,vQ26m06,vQ26m07,vQ26m08,vQ26m09,vQ26m10,vQ26m11,vQ26m12,vQ26m13,vQ26m14,vQ26m15,vQ26m16,vQ26m17,vQ26m18,vQ26m19,vQ26m20,vQ26m21,vQ26m22,vQ26m23,vQ26m24,vQ26m25,vQ26m26,vQ26m27,vQ26m28,vQ26m29,vQ26m88",,"Q26除了新聞,您最常透過哪些播客(Podcast)節目獲得政治或公共事務相關資訊?(可多選)(卡46)【Q20答(04)者,需回答此題】",,,
proposal,,Q27,skip,vQ1 in 1 & vQ2 in 1 & vQ3 in 1 & vQ4 in 1 & vQ5 in 2 & vQ10 in 2 & vQ15 in 2 & vQ20m90 in 1,,"vQ27m01,vQ27m02,vQ27m03,vQ27m04,vQ27m05,vQ27m06,vQ27m07,vQ27m88",,"Q27請問您想要獲得政治或公共事務相關訊息的原因是什麼?(可多選)(卡47)【Q1、Q2、Q3、Q4答(01),且Q5、Q10、Q15答(02),且Q20回答(90)者,不需回答此題】",,,
proposal,,Q27,skip_inverse,(vQ1~=1 | vQ2~=1 | vQ3~=1 | vQ4~=1 | vQ5~=2 | vQ10~=2 | vQ15~=2 | vQ20m90~=1) & vQ1~=96 & vQ2~=96 & vQ3~=96 & vQ4~=96 & vQ5~=96 & vQ10~=96 & vQ15~=96 & vQ20m90~=96,"vQ27m01,vQ27m02,vQ27m03,vQ27m04,vQ27m05,vQ27m06,vQ27m07,vQ27m88",,,"Q27請問您想要獲得政治或公共事務相關訊息的原因是什麼?(可多選)(卡47)【Q1、Q2、Q3、Q4答(01),且Q5、Q10、Q15答(02),且Q20回答(90)者,不需回答此題】",,,
proposal,,Q27,need,vE1 in 1,"vQ27m01,vQ27m02,vQ27m03,vQ27m04,vQ27m05,vQ27m06,vQ27m07,vQ27m88",,,"Q27 【譚躍委員】P3_4‧您多常在網路上看到或聽到和您立場不同的政治觀點?【E1答(01)者,需答此題】(卡48)",,,
proposal,,Q27,need_inverse,vE1~=1,,"vQ27m01,vQ27m02,vQ27m03,vQ27m04,vQ27m05,vQ27m06,vQ27m07,vQ27m88",,"Q27 【譚躍委員】P3_4‧您多常在網路上看到或聽到和您立場不同的政治觀點?【E1答(01)者,需答此題】(卡48)",,,
proposal,,Q27,need,vQ5 in 2 & (vP3_4 in 2 | vP3_4 in 3 | vP3_4 in 4),"vQ27m01,vQ27m02,vQ27m03,vQ27m04,vQ27m05,vQ27m06,vQ27m07,vQ27m88",,,"Q27 【檢查題】CKP3_4.請向受訪者說明:【Q5答(02)者,且P3_4答(02)~(04)者,需回答此題】",,,
proposal,,Q27,need_inverse,(vQ5~=2 | (vP3_4~=2 & vP3_4~=3 & vP3_4~=4)) & vQ5~=96,,"vQ27m01,vQ27m02,vQ27m03,vQ27m04,vQ27m05,vQ27m06,vQ27m07,vQ27m88",,"Q27 【檢查題】CKP3_4.請向受訪者說明:【Q5答(02)者,且P3_4答(02)~(04)者,需回答此題】",,,
proposal,,Q27,need,vQ20m02 in 1 | vQ20m03 in 1,"vQ27m01,vQ27m02,vQ27m03,vQ27m04,vQ27m05,vQ27m06,vQ27m07,vQ27m88",,,"Q27 【譚躍委員】P3_6‧您使用意見領袖(例如:政治人物、網紅或公眾人物)的自媒體時,多常看到或聽到與您立場不同的政治觀點?(卡48)【Q20答(02)、或(03)者,需回答此題】",,,
proposal,,Q27,need_inverse,vQ20m02~=1 & vQ20m03~=1 & vQ20m02~=96 & vQ20m03~=96,,"vQ27m01,vQ27m02,vQ27m03,vQ27m04,vQ27m05,vQ27m06,vQ27m07,vQ27m88",,"Q27 【譚躍委員】P3_6‧您使用意見領袖(例如:政治人物、網紅或公眾人物)的自媒體時,多常看到或聽到與您立場不同的政治觀點?(卡48)【Q20答(02)、或(03)者,需回答此題】",,,
proposal,,Q30,need,vE1 in 1,"vQ30m01,vQ30m02,vQ30m03,vQ30m04,vQ30m05,vQ30m06,vQ30m07,vQ30m08,vQ30m90",,,"Q30 首先針對「網路上」來詢問,請問您最近一年有沒有在網路上做過這些和「政治或公共事務」議題相關的活動?(可多選)(卡50) 【E1答(01)者,需回答此題】",,,
proposal,,Q30,need_inverse,vE1~=1,,"vQ30m01,vQ30m02,vQ30m03,vQ30m04,vQ30m05,vQ30m06,vQ30m07,vQ30m08,vQ30m90",,"Q30 首先針對「網路上」來詢問,請問您最近一年有沒有在網路上做過這些和「政治或公共事務」議題相關的活動?(可多選)(卡50) 【E1答(01)者,需回答此題】",,,
proposal,,Q44,skip,vA1 in 96 | vA2 in 1,,vQ44,,"Q44. 今年年底是縣市長選舉,請問如果明天就是投票日,在您戶籍地的縣市長候選人當中,請問您會把票投給哪一黨的候選人?(卡59)【A1為96者,或A2答(01)者,不需答此題】",,,
proposal,,Q44,skip_inverse,vA1~=96 & vA2~=1 & vA2~=96,vQ44,,,"Q44. 今年年底是縣市長選舉,請問如果明天就是投票日,在您戶籍地的縣市長候選人當中,請問您會把票投給哪一黨的候選人?(卡59)【A1為96者,或A2答(01)者,不需答此題】",,,
proposal,,Q50,need,vQ49 in 2 | vQ49 in 97 | vQ49 in 98,vQ50,,,"Q50那相對來說,請問您有沒有稍微偏向支持哪一個政黨?【Q49答(02)、(97)、(98),需答此題】",,,
proposal,,Q50,need_inverse,vQ49~=2 & vQ49~=97 & vQ49~=98,,vQ50,,"Q50那相對來說,請問您有沒有稍微偏向支持哪一個政黨?【Q49答(02)、(97)、(98),需答此題】",,,
proposal,,Q51,need,vQ49 in 1 | vQ50 in 1,vQ51,,,"Q51請問是哪一個政黨?(卡61) 【Q49答(01),或Q50答(01),需答此題】",,,
proposal,,Q51,need_inverse,vQ49~=1 & vQ50~=1 & vQ50~=96,,vQ51,,"Q51請問是哪一個政黨?(卡61) 【Q49答(01),或Q50答(01),需答此題】",,,
proposal,,Q52,need,vQ51 in 1 | vQ51 in 2 | vQ51 in 3 | vQ51 in 4 | vQ51 in 5 | vQ51 in 6 | vQ51 in 7 | vQ51 in 8 | vQ51 in 9 | vQ51 in 10 | vQ51 in 11 | vQ51 in 12 | vQ51 in 13 | vQ51 in 14 | vQ51 in 15 | vQ51 in 16 | vQ51 in 17 | vQ51 in 18 | vQ51 in 19 | vQ51 in 20 | vQ51 in 21 | vQ51 in 22 | vQ51 in 23 | vQ51 in 24 | vQ51 in 25 | vQ51 in 26 | vQ51 in 27 | vQ51 in 28 | vQ51 in 29 | vQ51 in 30 | vQ51 in 31 | vQ51 in 32 | vQ51 in 33 | vQ51 in 34 | vQ51 in 35 | vQ51 in 36 | vQ51 in 37 | vQ51 in 38 | vQ51 in 39 | vQ51 in 40 | vQ51 in 41 | vQ51 in 42 | vQ51 in 43 | vQ51 in 44 | vQ51 in 45 | vQ51 in 46 | vQ51 in 47 | vQ51 in 48 | vQ51 in 49 | vQ51 in 50 | vQ51 in 51 | vQ51 in 52 | vQ51 in 53 | vQ51 in 54 | vQ51 in 55 | vQ51 in 56 | vQ51 in 57 | vQ51 in 58 | vQ51 in 59 | vQ51 in 60 | vQ51 in 61 | vQ51 in 62 | vQ51 in 63 | vQ51 in 64 | vQ51 in 65 | vQ51 in 66 | vQ51 in 67 | vQ51 in 68 | vQ51 in 69 | vQ51 in 70 | vQ51 in 71 | vQ51 in 72 | vQ51 in 73 | vQ51 in 74 | vQ51 in 75 | vQ51 in 76 | vQ51 in 77 | vQ51 in 78 | vQ51 in 79 | vQ51 in 80 | vQ51 in 81 | vQ51 in 82 | vQ51 in 83 | vQ51 in 84 | vQ51 in 85 | vQ51 in 86 | vQ51 in 87 | vQ51 in 88,vQ52,,,"Q52請問,您偏向【貼題Q51】這個政黨的程度是很強,普通,還是有一點?【Q51答(01) ~ (88),需答此題】",,,
proposal,,Q52,need_inverse,vQ51~=1 & vQ51~=2 & vQ51~=3 & vQ51~=4 & vQ51~=5 & vQ51~=6 & vQ51~=7 & vQ51~=8 & vQ51~=9 & vQ51~=10 & vQ51~=11 & vQ51~=12 & vQ51~=13 & vQ51~=14 & vQ51~=15 & vQ51~=16 & vQ51~=17 & vQ51~=18 & vQ51~=19 & vQ51~=20 & vQ51~=21 & vQ51~=22 & vQ51~=23 & vQ51~=24 & vQ51~=25 & vQ51~=26 & vQ51~=27 & vQ51~=28 & vQ51~=29 & vQ51~=30 & vQ51~=31 & vQ51~=32 & vQ51~=33 & vQ51~=34 & vQ51~=35 & vQ51~=36 & vQ51~=37 & vQ51~=38 & vQ51~=39 & vQ51~=40 & vQ51~=41 & vQ51~=42 & vQ51~=43 & vQ51~=44 & vQ51~=45 & vQ51~=46 & vQ51~=47 & vQ51~=48 & vQ51~=49 & vQ51~=50 & vQ51~=51 & vQ51~=52 & vQ51~=53 & vQ51~=54 & vQ51~=55 & vQ51~=56 & vQ51~=57 & vQ51~=58 & vQ51~=59 & vQ51~=60 & vQ51~=61 & vQ51~=62 & vQ51~=63 & vQ51~=64 & vQ51~=65 & vQ51~=66 & vQ51~=67 & vQ51~=68 & vQ51~=69 & vQ51~=70 & vQ51~=71 & vQ51~=72 & vQ51~=73 & vQ51~=74 & vQ51~=75 & vQ51~=76 & vQ51~=77 & vQ51~=78 & vQ51~=79 & vQ51~=80 & vQ51~=81 & vQ51~=82 & vQ51~=83 & vQ51~=84 & vQ51~=85 & vQ51~=86 & vQ51~=87 & vQ51~=88 & vQ51~=96,,vQ52,,"Q52請問,您偏向【貼題Q51】這個政黨的程度是很強,普通,還是有一點?【Q51答(01) ~ (88),需答此題】",,,
proposal,,Z2_2,skip,vD1 in 3,,vZ2_2,,"Z2_2‧為了確保這份問卷資料的品質,我們中心可能會進行簡單的電話複查確認是否確實來做了訪問,可否請您將您的手機號碼告訴我們?【D1答(03)者,不需答此題】",,,
proposal,,Z2_2,skip_inverse,vD1~=3,vZ2_2,,,"Z2_2‧為了確保這份問卷資料的品質,我們中心可能會進行簡單的電話複查確認是否確實來做了訪問,可否請您將您的手機號碼告訴我們?【D1答(03)者,不需答此題】",,,
proposal,,CKZE1,need,vA9 in 1 | vE1 in 2 | vE1 in 97 | vE1 in 98,vCkZE1,,,"CKZE1‧受訪者不識字或沒有上網行為,不需詢問後續追蹤訪問。【A09選(01)者,或E1選(02)、(97)、(98),需回答此題】",,,
proposal,,CKZE1,need_inverse,vA9~=1 & vE1~=2 & vE1~=97 & vE1~=98,,vCkZE1,,"CKZE1‧受訪者不識字或沒有上網行為,不需詢問後續追蹤訪問。【A09選(01)者,或E1選(02)、(97)、(98),需回答此題】",,,
proposal,,ZE2,skip,vA9 in 1 | vE1 in 2 | vE1 in 97 | vE1 in 98,,"vZE2m01,vZE2m02,vZE2m03",,"ZE2‧為持續瞭解民眾對傳播媒體、新興媒體及時事議題的看法,未來想繼續邀請您填答我們的網路追蹤問卷。若您現在同意參加,可立即獲得新臺幣100元超商商品卡;未來實際完成問卷填答後,也會另外再贈送超商商品卡做為回饋。您提供的聯絡資料僅供研究聯繫使用,並會依法妥善保管。詳細內容,請參考這份同意書說明。(請訪員拿出追蹤同意書)【A09選(01)者,或E1選(02)、(97)、(98),不需回答此題】(可多選)",,,
proposal,,ZE2,skip_inverse,vA9~=1 & vE1~=2 & vE1~=97 & vE1~=98,"vZE2m01,vZE2m02,vZE2m03",,,"ZE2‧為持續瞭解民眾對傳播媒體、新興媒體及時事議題的看法,未來想繼續邀請您填答我們的網路追蹤問卷。若您現在同意參加,可立即獲得新臺幣100元超商商品卡;未來實際完成問卷填答後,也會另外再贈送超商商品卡做為回饋。您提供的聯絡資料僅供研究聯繫使用,並會依法妥善保管。詳細內容,請參考這份同意書說明。(請訪員拿出追蹤同意書)【A09選(01)者,或E1選(02)、(97)、(98),不需回答此題】(可多選)",,,
proposal,,ZE2_2,need,vZE2m01 in 1,vZE2_2,,,"ZE2 (01) 願意,提供手機號碼【D1答(03)者,與選項(02)互斥】【續答ZE2_2】",,,
proposal,,ZE2_2,need_inverse,vZE2m01~=1 & vZE2m01~=96,,vZE2_2,,"ZE2 (01) 願意,提供手機號碼【D1答(03)者,與選項(02)互斥】【續答ZE2_2】",,,
proposal,,ZE2_3,need,vZE2m02 in 1,vZE2_3,,,"ZE2 (02) 願意,提供Email【續答ZE2_3】",,,
proposal,,ZE2_3,need_inverse,vZE2m02~=1 & vZE2m02~=96,,vZE2_3,,"ZE2 (02) 願意,提供Email【續答ZE2_3】",,,
proposal,,ZE2_2,need,vZE2m01 in 1,vZE2_2,,,"ZE2_2‧請問您的手機號碼?(請訪員唸出同意書上號碼,確認無誤後鍵入以下欄位)___________【ZE2答(01),需答此題】",,,
proposal,,ZE2_2,need_inverse,vZE2m01~=1 & vZE2m01~=96,,vZE2_2,,"ZE2_2‧請問您的手機號碼?(請訪員唸出同意書上號碼,確認無誤後鍵入以下欄位)___________【ZE2答(01),需答此題】",,,
proposal,,ZE2_3,need,vZE2m02 in 1,vZE2_3,,,"ZE2_3‧請問您的Email?(請訪員唸出同意書上email,確認無誤後鍵入以下欄位) ___________【ZE2答(02),需答此題】",,,
proposal,,ZE2_3,need_inverse,vZE2m02~=1 & vZE2m02~=96,,vZE2_3,,"ZE2_3‧請問您的Email?(請訪員唸出同意書上email,確認無誤後鍵入以下欄位) ___________【ZE2答(02),需答此題】",,,
review,,E3_1,,,,,,,cannot parse condition,"E5、E6、E8、E9、E11、E12加總超過2400者(不含任一題答9797、9898),才需回答此題","E3_1‧檢查題(開放題)您剛回答使用【貼E2答案】因「工作與課業」或「不是工作或課業所需」的上網總時間超過24小時,想請問您原因為何?【E5、E6、E8、E9、E11、E12加總超過2400者(不含任一題答9797、9898),才需回答此題】"
review,,B7,,,,,,,cannot parse condition,"B7a只選1個選項,不需回答此題","B7‧那請問您最常看其中的哪一台電視新聞?(卡20)【B7a回答(01)-(88)超過2個選項時顯示,並只能選B7a選填的答案】【B7a只選1個選項,不需回答此題】"
review,,I4,,,,,,,cannot parse condition,"B8答(03)或(06),且I1與I3皆為0者,需回答此題","I4 【檢查題】CKI4.請向受訪者說明:【B8答(03)或(06),且I1與I3皆為0者,需回答此題】"
review,,Q27,,,,,,,cannot parse condition,"K2答(90)、(97)、(98)者,或Q5答(02)者,不需答此題","Q27 【譚躍委員】P3_5‧您使用【K2貼題】時,多常看到或聽到與您立場不同的政治觀點?【K2答(90)、(97)、(98)者,或Q5答(02)者,不需答此題】(卡48)"
review,,ZE2_1,,,,,,,cannot parse condition,"ZE2答(01)或(02),需答此題","ZE2_1 ___________【ZE2答(01)或(02),需答此題】"
